record_id,master_data_row,manufacturer,model,Z_ohm,category,ts_data_complete,preliminary_status,reproduced_failing_checks,source_or_supplemental_holds,missing_core_fields,reliability,reliability_reasons,fs_stated,fs_computed,fs_difference_pct,qes_stated,qes_computed,qes_difference_pct,vas_stated,vas_computed,vas_difference_pct,qts_stated,qts_computed,qts_difference_pct,mass_correction_stated,mass_correction_computed,mass_correction_difference_pct,source_reference,source_url,notes
STX-20261006-001,5715,STX,W.11.100.8.MC,8,Woofer,yes,preliminary_pass,,,,reliable,,84,84.069048322,0.0822003833333,1.10,1.10518276718,0.471160652727,2.6,2.57743982588,0.867699004615,0.70,0.699337748344,0.0946073794286,6.4,5.90369487624,7.75476755881,STX W.11.100.8.MC product technical data; Parameters/Parametry and Dimensions/Wymiary; accessed 2026-10-06,https://stx.pl/en/w-11-100-8-mc.html,
STX-20261006-002,5716,STX,W.12.100.8.MC,8,Woofer,yes,preliminary_pass,,,,reliable,,76,76.3528480264,0.464273718947,1.10,1.07198835037,2.54651360273,3.6,3.63603118294,1.00086619278,0.74,0.745161290323,0.69747166527,5.5,5.00369487624,9.02372952298,STX W.12.100.8.MC product technical data; Parameters/Parametry and Dimensions/Wymiary; accessed 2026-10-06,https://stx.pl/en/w-12-100-8-mc.html,
STX-20261006-003,5717,STX,W.12.100.8.WMC,8,Woofer,yes,preliminary_pass,,,,reliable,,77,77.5489550839,0.71292868039,1.02,1.06634630642,4.54375553137,3.5,3.59000547176,2.57158490743,0.70,0.701834862385,0.262123197857,5.4,4.90369487624,9.19083562526,STX W.12.100.8.WMC product technical data; Parameters/Parametry and Dimensions/Wymiary; accessed 2026-10-06,https://stx.pl/en/w-12-100-8-wmc.html,
STX-20261006-004,5718,STX,W.15.140.8.MCX,8,Woofer,yes,numerical_review,coupling_failed;vas_inconsistent,sd_exceeds_frame_area,,unreliable,"Published effective area exceeds circular outside-frame area; source value retained, not repaired. | coupling_failed: reproduced radiation-mass correction 356.563810132% exceeds 30% of Mms. | vas_inconsistent: stated 16, computed 1619.07232355, difference 10019.2020222% exceeds 20%.",45,44.9565123261,0.0966392753333,0.46,0.460150923967,0.0328095580435,16,1619.07232355,10019.2020222,0.36,0.363818181818,1.06060606056,8.3,-21.294796241,356.563810132,STX W.15.140.8.MCX product technical data; Parameters/Parametry and Dimensions/Wymiary; accessed 2026-10-06,https://stx.pl/en/w-15-140-8-mcx.html,"Published Sd is 0.087 m2; retained literally and flagged, not silently changed to 0.0087 m2. Internal subtitle omits final X; product heading and code identify MCX."
STX-20261006-005,5719,STX,W.15.160.8.FCX,8,Woofer,yes,numerical_review,qes_inconsistent,,,unreliable,"qes_inconsistent: stated 0.37, computed 0.496864438115, difference 34.287685977% exceeds 20%.",37,37.5288201073,1.42924353324,0.37,0.496864438115,34.287685977,21,21.0951176225,0.452941059524,0.35,0.349475262369,0.149925037429,10.9,9.83212140057,9.79705137093,STX W.15.160.8.FCX product technical data; Parameters/Parametry and Dimensions/Wymiary; accessed 2026-10-06,https://stx.pl/en/w-15-160-8-fcx.html,
STX-20261006-006,5720,STX,W.15.160.16.FCX,16,Woofer,yes,preliminary_pass,,,,reliable,,38,37.9640437139,0.0946218055263,0.38,0.390656878884,2.80444181158,25,23.6521015768,5.3915936928,0.36,0.340760869565,5.34420289861,9.5,8.43212140057,11.2408273624,STX W.15.160.16.FCX product technical data; Parameters/Parametry and Dimensions/Wymiary; accessed 2026-10-06,https://stx.pl/en/w-15-160-16-fcx.html,
STX-20261006-007,5721,STX,M.11.100.8.MC,8,Midrange,yes,numerical_review,qes_inconsistent,,,unreliable,"qes_inconsistent: stated 1.90, computed 1.40789892994, difference 25.9000563189% exceeds 20%.",110,114.950026362,4.50002396545,1.90,1.40789892994,25.9000563189,3.2,3.26782549353,2.11954667281,1.12,1.12698072805,0.623279290179,2.7,2.20369487624,18.3816712505,STX M.11.100.8.MC product technical data; Parameters/Parametry and Dimensions/Wymiary; accessed 2026-10-06,https://stx.pl/en/m-11-100-8-mc.html,Recommended crossover slope 12 dB/oct.
STX-20261006-008,5722,STX,T.9.100.4.MS,4,Dome tweeter,no,incomplete,driver_spec_invalid,,Sd_cm2;Bl_Tm;Mms_g_or_Mmd_g,unreliable,"Missing core T/S fields: Sd_cm2, Bl_Tm, Mms_g_or_Mmd_g.",740,,,,,,,,,,,,,,,STX T.9.100.4.MS product technical data; Parameters/Parametry and Dimensions/Wymiary; accessed 2026-10-06,https://stx.pl/en/t-9-100-4-ms.html,"Size_in is STX nominal panel diameter, not 1-inch dome/coil diameter. Recommended crossover slope 12 dB/oct. Sd, Mms, Bl and compliance are not published; not solver-ready."
STX-20261006-009,5723,STX,W.16.50.4.MC,4,Woofer,yes,preliminary_pass,,,,reliable,,66,66.6685183101,1.01290653045,1.42,1.69535123553,19.3909320796,11.8,11.8769992249,0.652535804237,1.01,1.00252587992,0.740011889109,13.9,11.9278473318,14.1881486919,STX W.16.50.4.MC product technical data; Parameters/Parametry and Dimensions/Wymiary; accessed 2026-10-06,https://stx.pl/en/w-16-50-4-mc.html,Overall frame 156 x 169 mm; scalar Diameter_mm left blank.
STX-20261006-010,5724,STX,W.16.50.8.MC,8,Woofer,yes,numerical_review,qes_inconsistent,,,unreliable,"qes_inconsistent: stated 1.62, computed 2.69872289296, difference 66.5878328988% exceeds 20%.",59,59.0679394874,0.115151673559,1.62,2.69872289296,66.5878328988,16.2,15.9325599358,1.65086459383,1.07,1.06515856237,0.452470806542,13.2,11.2278473318,14.9405505165,STX W.16.50.8.MC product technical data; Parameters/Parametry and Dimensions/Wymiary; accessed 2026-10-06,https://stx.pl/en/w-16-50-8-mc.html,Overall frame 156 x 169 mm; scalar Diameter_mm left blank.
STX-20261006-011,5725,STX,W.18.140.4.MCX,4,Woofer,yes,preliminary_pass,,,,reliable,,40,40.2247724199,0.56193104975,0.42,0.424971806231,1.18376338833,29,29.2579737004,0.889564484138,0.36,0.362352941176,0.653594771111,15.5,13.5278473318,12.7235656011,STX W.18.140.4.MCX product technical data; Parameters/Parametry and Dimensions/Wymiary; accessed 2026-10-06,https://stx.pl/en/w-18-140-4-mcx.html,
STX-20261006-012,5726,STX,W.18.140.4.WMCX,4,Woofer,yes,preliminary_pass,,,,reliable,,40,40.4123618269,1.03090456725,0.43,0.421199679872,2.04658607628,27,27.2301933449,0.852567944074,0.37,0.369177631579,0.222261735405,16.5,14.5278473318,11.9524404132,STX W.18.140.4.WMCX product technical data; Parameters/Parametry and Dimensions/Wymiary; accessed 2026-10-06,https://stx.pl/en/w-18-140-4-wmcx.html,
STX-20261006-013,5727,STX,W.18.140.8.MCX,8,Woofer,yes,preliminary_pass,,,,reliable,,37,35.7845870744,3.28489979892,0.48,0.497308881076,3.60601689083,35,37.9484609381,8.42417410886,0.39,0.397419354839,1.90239867667,15.1,13.1278473318,13.0606136965,STX W.18.140.8.MCX product technical data; Parameters/Parametry and Dimensions/Wymiary; accessed 2026-10-06,https://stx.pl/en/w-18-140-8-mcx-2193.html,
STX-20261006-014,5728,STX,W.18.140.8.WMCX,8,Woofer,yes,numerical_review,qes_inconsistent,,,unreliable,"qes_inconsistent: stated 0.49, computed 0.337255972969, difference 31.1722504145% exceeds 20%.",38,36.4436622123,4.09562575711,0.49,0.337255972969,31.1722504145,34,37.0794122143,9.05709474794,0.40,0.404858156028,1.214539007,14.9,12.9278473318,13.2359239475,STX W.18.140.8.WMCX product technical data; Parameters/Parametry and Dimensions/Wymiary; accessed 2026-10-06,https://stx.pl/en/w-18-140-8-wmcx.html,Published Re 3.3 ohm for nominal 8-ohm model retained and flagged if inconsistent; not replaced with the black-cone model value.
STX-20261006-015,5729,STX,W.18.180.8.FCX_v2,8,Woofer,yes,preliminary_pass,,,,reliable,,36,36.5318804365,1.47744565694,0.38,0.360314066376,5.18050884842,29,28.7749233078,0.776126524828,0.35,0.352806026365,0.801721818571,14.6,12.9882358383,11.0394805594,STX W.18.180.8.FCX_v2 product technical data; Parameters/Parametry and Dimensions/Wymiary; accessed 2026-10-06,https://stx.pl/en/w-18-180-8-fcx-v2.html,
STX-20261006-016,5730,STX,W.18.180.16.FCX_v2,16,Woofer,yes,source_or_supplemental_review,,source_impedance_conflict,,unreliable,"Model/catalogue specify 16 ohm, but the parameter section says 8 ohm.",37,37.0077740462,0.0210109356757,0.39,0.392301118809,0.590030463846,30,29.8816511273,0.394496242333,0.36,0.360637065637,0.176962676944,13.7,12.0882358383,11.76470191,STX W.18.180.16.FCX_v2 product technical data; Parameters/Parametry and Dimensions/Wymiary; accessed 2026-10-06,https://stx.pl/en/w-18-180-16-fcx-v2.html,"Nominal 16 ohm supported by model identity, key features and catalogue; Parameters subsection instead says 8 ohm. Manufacturer confirmation needed."
STX-20261006-017,5731,STX,W.18.200.8.MCX_v2,8,Woofer,yes,source_or_supplemental_review,,source_revision_conflict,,unreliable,Catalogue v2 versus descriptive heading/image captions v3.,34,34.1499617187,0.441063878529,0.41,0.410237216613,0.0578577104878,30,30.0701313019,0.233771006333,0.35,0.353016949153,0.861985472286,18.1,16.331056602,9.77316794482,STX W.18.200.8.MCX_v2 product technical data; Parameters/Parametry and Dimensions/Wymiary; accessed 2026-10-06,https://stx.pl/en/w-18-200-8-mcx-v2.html,"Catalogue/page heading/URL say v2, internal heading and image captions say v3. Published table preserved under catalogue identity; revision requires confirmation."
STX-20261006-018,5732,STX,W.18.200.8.FGX_v3,8,Woofer,yes,preliminary_pass,,,,reliable,,35,34.3402136739,1.88510378886,0.42,0.425230079701,1.24525707167,30,30.0701313019,0.233771006333,0.36,0.36686746988,1.90763052222,17.9,16.131056602,9.88236535202,STX W.18.200.8.FGX_v3 product technical data; Parameters/Parametry and Dimensions/Wymiary; accessed 2026-10-06,https://stx.pl/en/w-18-200-8-fgx.html,
STX-20261006-019,5733,STX,W.18.220.8.MCX,8,Woofer,yes,preliminary_pass,,,,reliable,,39,38.975097505,0.063852551282,0.37,0.369093624433,0.244966369459,29,28.8172091643,0.630313226552,0.30,0.3038647343,1.28824476667,14.5,12.731056602,12.1996096415,STX W.18.220.8.MCX product technical data; Parameters/Parametry and Dimensions/Wymiary; accessed 2026-10-06,https://stx.pl/en/w-18-220-8-mcx.html,
STX-20261006-020,5734,STX,W.20.80.4.MC,4,Woofer,yes,preliminary_pass,,,,reliable,,48,46.9833289032,2.118064785,1.40,1.45324357372,3.80311240857,33,33.0863240753,0.26158810697,0.97,0.964444444444,0.572737686186,22.5,18.8895849131,16.0462892753,STX W.20.80.4.MC product technical data; Parameters/Parametry and Dimensions/Wymiary; accessed 2026-10-06,https://stx.pl/en/w-20-80-4-mc.html,
STX-20261006-021,5735,STX,W.20.80.8.MC,8,Woofer,yes,preliminary_pass,,,,reliable,,32,31.4140634315,1.83105177656,0.87,0.883684285169,1.57290634126,88,89.5277004392,1.73602322636,0.68,0.671858638743,1.19725900838,18.6,14.9895849131,19.4108338007,STX W.20.80.8.MC product technical data; Parameters/Parametry and Dimensions/Wymiary; accessed 2026-10-06,https://stx.pl/en/w-20-80-8-mc.html,
STX-20261006-022,5736,STX,W.20.140.8.MC,8,Woofer,yes,preliminary_pass,,,,reliable,,27,28.1568910506,4.28478166889,0.58,0.559232372248,3.58062547448,91,100.933463812,10.9158942989,0.45,0.455407407407,1.20164609044,22.5,18.6335846814,17.1840680825,STX W.20.140.8.MC product technical data; Parameters/Parametry and Dimensions/Wymiary; accessed 2026-10-06,https://stx.pl/en/w-20-140-8-mc.html,
STX-20261006-023,5737,STX,W.22.200.8.MCX_v3,8,Woofer,yes,source_or_supplemental_review,,source_revision_conflict,,unreliable,Catalogue v3 versus internal v4 and URL/response caption v2.,26,25.5366397131,1.78215494962,0.46,0.47634683557,3.55365990652,117,116.12650999,0.74657265812,0.39,0.387285223368,0.696096572308,21.7,18.0895849131,16.6378575435,STX W.22.200.8.MCX_v3 product technical data; Parameters/Parametry and Dimensions/Wymiary; accessed 2026-10-06,https://stx.pl/en/w-22-200-8-mcx-v2.html,"Catalogue/page title v3, internal descriptive heading/dimension caption v4, URL/response caption v2. Table retained under catalogue identity; revision requires confirmation."
STX-20261006-024,5738,STX,W.22.250.8.FCX,8,Woofer,yes,preliminary_pass,,,,reliable,,28,29.854382642,6.62279515,0.38,0.363824017982,4.25683737316,36,37.6275842425,4.52106734028,0.34,0.341493333333,0.439215686176,49,45.3895849131,7.36819405496,STX W.22.250.8.FCX product technical data; Parameters/Parametry and Dimensions/Wymiary; accessed 2026-10-06,https://stx.pl/en/w-22-250-8-fcx.html,
STX-20261006-025,5739,STX,W.25.200.8.MC,8,Woofer,yes,preliminary_pass,,,,reliable,,28,28.6870456093,2.45373431893,0.41,0.401394561365,2.09888747195,95,96.1089521539,1.16731805674,0.36,0.364320652174,1.20018115944,54,46.609648107,13.6858368388,STX W.25.200.8.MC product technical data; Parameters/Parametry and Dimensions/Wymiary; accessed 2026-10-06,https://stx.pl/en/w-25-200-8-mc.html,New published measurement set; existing imported measurement retained separately.
STX-20261006-026,5740,STX,W.27.400.8.MC,8,Woofer,yes,preliminary_pass,,,,reliable,,27,27.0963369419,0.356803488519,0.38,0.375178661131,1.26877338658,124,126.459147571,1.983183525,0.33,0.328975265018,0.310525752121,46,38.609648107,16.065982376,STX W.27.400.8.MC product technical data; Parameters/Parametry and Dimensions/Wymiary; accessed 2026-10-06,https://stx.pl/en/w-27-400-8-mc.html,New published measurement set; existing imported measurement retained separately.
STX-20261006-027,5741,STX,W.27.500.8.FCX,8,Woofer,yes,preliminary_pass,,,,reliable,,25,24.9166728526,0.3333085896,0.39,0.392636159237,0.675938265897,59,59.0018735149,0.00317544898305,0.35,0.351975,0.564285714286,120,112.448407581,6.29299368257,STX W.27.500.8.FCX product technical data; Parameters/Parametry and Dimensions/Wymiary; accessed 2026-10-06,https://stx.pl/en/w-27-500-8-fcx.html,New published measurement set; existing imported measurement retained separately.
STX-20261006-028,5742,STX,W.30.200.8.MC,8,Woofer,yes,preliminary_pass,,,,reliable,,29,29.4277593878,1.47503237172,0.64,0.641272203051,0.198781726719,166,165.807305775,0.116080858434,0.56,0.555546391753,0.795287186964,65,51.7171355901,20.4351760153,STX W.30.200.8.MC product technical data; Parameters/Parametry and Dimensions/Wymiary; accessed 2026-10-06,https://stx.pl/en/w-30-200-8-mc.html,New published measurement set; existing imported measurement retained separately.
STX-20261006-029,5743,STX,W.32.500.8.MC_v2,8,Woofer,yes,preliminary_pass,,,,reliable,,24,23.7677094454,0.967877310833,0.30,0.305250739604,1.75024653467,199,201.495704553,1.25412289095,0.27,0.267625899281,0.879296562593,76,63.4524563989,16.5099257909,STX W.32.500.8.MC_v2 product technical data; Parameters/Parametry and Dimensions/Wymiary; accessed 2026-10-06,https://stx.pl/en/w-32-500-8-mc.html,v2 catalogue/page identity preserved separately from original unversioned model.
STX-20261006-030,5744,STX,M.12.140.8.MC,8,Midrange,yes,preliminary_pass,,,,reliable,,88,88.3512668358,0.399166858864,1.24,1.24124966885,0.100779745968,2.7,2.71551695941,0.57470220037,0.85,0.850734177215,0.08637379,5.5,5.00369487624,9.02372952298,STX M.12.140.8.MC product technical data; Parameters/Parametry and Dimensions/Wymiary; accessed 2026-10-06,https://stx.pl/en/m-12-140-8-mc.html,Parameters Fs 88 Hz retained; summary instead says 95 Hz. Recommended crossover slope 12 dB/oct.
STX-20261006-031,5745,STX,M.12.140.8.WMC,8,Midrange,yes,preliminary_pass,,,,reliable,,95,96.078912368,1.13569722947,1.26,1.26506174762,0.401726001587,2.5,2.57743982588,3.0975930352,0.88,0.877445783133,0.290251916705,4.9,4.40369487624,10.1286759952,STX M.12.140.8.WMC product technical data; Parameters/Parametry and Dimensions/Wymiary; accessed 2026-10-06,https://stx.pl/en/m-12-140-8-wmc.html,Recommended crossover slope 12 dB/oct.
STX-20261006-032,5746,STX,M.15.150.8.MCX,8,Midrange,yes,preliminary_pass,,,,reliable,,70,68.0373025998,2.80385342886,0.83,0.843998127363,1.68652136904,7.6,7.72007995334,1.57999938605,0.61,0.6153894081,0.88350952459,7.6,6.6641303699,12.3140740803,STX M.15.150.8.MCX product technical data; Parameters/Parametry and Dimensions/Wymiary; accessed 2026-10-06,https://stx.pl/en/m-15-150-8-mcx.html,Parameters sensitivity 89 dB retained; key features say 90 dB. Recommended crossover slope 12 dB/oct.
STX-20261006-033,5747,STX,M.15.250.8.FCX,8,Midrange,yes,source_or_supplemental_review,,source_parameter_conflict,,unreliable,Detailed versus summary values differ for Fs and AES power; detailed-table set preserved pending confirmation.,58,58.8253596555,1.42303388879,0.33,0.320211620351,2.96617565121,7.7,7.79880106045,1.28313065519,0.30,0.3,0,12,10.9321214006,8.89898832859,STX M.15.250.8.FCX product technical data; Parameters/Parametry and Dimensions/Wymiary; accessed 2026-10-06,https://stx.pl/en/m-15-250-8-fcx.html,"Parameters AES 75 W and Fs 58 Hz retained; key features AES 80 W, summary Fs 68 Hz and diameter 157 mm conflict with Dimension 156 mm. Recommended crossover slope 12 dB/oct."
STX-20261006-034,5748,STX,M.16.120.8.MC,8,Midrange,yes,preliminary_pass,,,,reliable,,95,93.9298297987,1.12649494874,2.43,2.7057195171,11.3464821852,8.2,8.40080432981,2.44883329037,1.46,1.45879934211,0.0822368417808,9.9,7.92784733183,19.9207340219,STX M.16.120.8.MC product technical data; Parameters/Parametry and Dimensions/Wymiary; accessed 2026-10-06,https://stx.pl/en/m-16-120-8-mc.html,Overall frame 157 x 169 mm; scalar Diameter omitted. Recommended crossover slope 12 dB/oct.
STX-20261006-035,5749,STX,M.18.140.8.MC,8,Midrange,yes,preliminary_pass,,,,reliable,,53,52.4718308596,0.996545547925,0.91,0.904915275219,0.558760964945,23,23.174632634,0.759272321739,0.67,0.668571428571,0.213219616269,11.5,9.52784733183,17.1491536363,STX M.18.140.8.MC product technical data; Parameters/Parametry and Dimensions/Wymiary; accessed 2026-10-06,https://stx.pl/en/m-18-140-8-mc.html,Recommended crossover slope 12 dB/oct.
STX-20261006-036,5750,STX,M.18.140.8.WMC,8,Midrange,yes,preliminary_pass,,,,reliable,,51,51.1490524252,0.292259657255,0.97,0.935532098033,3.55339195536,27,27.2301933449,0.852567944074,0.69,0.69648255814,0.93950117971,10.3,8.32784733183,19.1471132832,STX M.18.140.8.WMC product technical data; Parameters/Parametry and Dimensions/Wymiary; accessed 2026-10-06,https://stx.pl/en/m-18-140-8-wmc.html,"Internal descriptive heading omits W, but product title and white-cone description identify WMC. Recommended crossover slope 12 dB/oct."
STX-20261006-037,5751,STX,M.18.200.8.MCX,8,Midrange,yes,source_or_supplemental_review,,source_power_conflict,,unreliable,Detailed table AES 75 W versus features 100 W; 75 W retained pending confirmation.,70,64.5724092369,7.75370109014,0.57,0.618049263278,8.42969531193,13,13.0357308566,0.274852743077,0.45,0.452707581227,0.601684717111,13.5,11.5278473318,14.6085382828,STX M.18.200.8.MCX product technical data; Parameters/Parametry and Dimensions/Wymiary; accessed 2026-10-06,https://stx.pl/en/m-18-200-8-mcx.html,Parameters AES 75 W retained; key features say 100 W. Recommended crossover slope 12 dB/oct.
STX-20261006-038,5752,STX,F.18.140.8.WMCX,8,Full-range,yes,preliminary_pass,,,,reliable,,54,54.1706960307,0.316103760556,1.22,1.24626371395,2.15276343852,21,20.7985074838,0.959488172381,0.81,0.805403899721,0.567419787531,10.4,8.63105660199,17.0090711347,STX F.18.140.8.WMCX product technical data; Parameters/Parametry and Dimensions/Wymiary; accessed 2026-10-06,https://stx.pl/en/f-18-140-8-wmcx.html,Internal descriptive heading starts W instead of F; page title and full-range description support F identity.
STX-20261006-039,5753,STX,F.18.140.8.MCX,8,Full-range,yes,preliminary_pass,,,,reliable,,51,50.8479651202,0.298107607451,1.20,1.14904216038,4.246486635,24,24.3066894691,1.27787278792,0.79,0.805479452055,1.95942431076,10.1,8.33105660199,17.5142910694,STX F.18.140.8.MCX product technical data; Parameters/Parametry and Dimensions/Wymiary; accessed 2026-10-06,https://stx.pl/en/f-18-140-8-mcx.html,Internal descriptive heading starts W instead of F; page title and full-range description support F identity. White-cone wording may be copied from WMCX.
STX-20261006-040,5754,STX,F.30.300.8.MC,8,Full-range,yes,source_or_supplemental_review,,qts_inconsistent_supplemental,,unreliable,Published Qts 1.51 versus Qms/Qes relation 1.04497607656 (30.7962863205% difference).,55,55.7153742715,1.30068049364,2.08,2.00722904556,3.49860357885,57,57.8218360446,1.44181762211,1.51,1.04497607656,30.7962863205,48,35.4907694926,26.0608968905,STX F.30.300.8.MC product technical data; Parameters/Parametry and Dimensions/Wymiary; accessed 2026-10-06,https://stx.pl/en/f-30-300-8-mc.html,Likely punctuation alias of original F30.300.8.MC; new published record retained separately. Published Qts 1.51 conflicts with Qms/Qes parallel relation (about 1.045); not replaced by calculation.
STX-20261006-041,5755,STX,W.32.800.8.FCX,8,Woofer,yes,preliminary_pass,,,,reliable,,24,24.2146534639,0.894389432917,0.45,0.44040065755,2.13318721111,96,92.2098986935,3.94802219427,0.39,0.396569920844,1.68459508821,160,147.452456399,7.84221475068,STX W.32.800.8.FCX product technical data; Parameters/Parametry and Dimensions/Wymiary; accessed 2026-10-06,https://stx.pl/manufacturer/stx/w-32-800-8-fcx.html,Full Polish technical table supplies data missing on the English page. Nominal frame size is 320 mm; outside diameter is 326 mm. Rated power (Moc znamionowa) 400 W is not explicitly identified as AES; 800 W is music/program power. Size_in left blank rather than guessing a nominal inch class.
STX-20261006-042,5756,STX,F.18.140.4.WMCX,4,Full-range,yes,source_or_supplemental_review,,source_parameter_conflict,,unreliable,Detailed table Fs 52 Hz/Vas 21 L versus summary 49 Hz/24 L; detailed table retained pending confirmation.,52,51.982559226,0.03353995,1.01,1.00478105451,0.516727276238,21,21.5502607664,2.62028936381,0.71,0.711725146199,0.242978337887,10.9,9.13105660199,16.2288385139,STX F.18.140.4.WMCX product technical data; Parameters/Parametry and Dimensions/Wymiary; accessed 2026-10-06,https://stx.pl/f-18-140-4-wmcx.html,"Detailed Polish parameter table gives Fs 52 Hz and Vas 21 L; summary instead says 49 Hz and 24 L. Detailed table retained and conflict recorded. Rated power (Moc znamionowa) 70 W is not explicitly AES. STX recommends reducing power to 30 W for open-baffle use. Nominal size stated only as 180 mm. GTIN also appears on CS.18.140.4.FG, but product codes and construction differ; not merged."
STX-20261006-043,5757,STX,F.18.140.4.MCX,4,Full-range,yes,preliminary_pass,,,,reliable,,49,48.9464293609,0.109327834898,0.99,0.992552769569,0.25785551202,24,24.3066894691,1.27787278792,0.71,0.707550432277,0.345009538451,10.9,9.13105660199,16.2288385139,STX F.18.140.4.MCX product technical data; Parameters/Parametry and Dimensions/Wymiary; accessed 2026-10-06,https://stx.pl/f-18-140-4-mcx.html,Full Polish parameter table; no values borrowed from the 8-ohm model. Rated power (Moc znamionowa) 70 W is not explicitly AES. STX recommends reducing power to 30 W for open-baffle use. Nominal size stated only as 180 mm; Size_in left blank.
STX-20261006-044,5758,STX,W.25.300.8.MC_v2,8,PA woofer,yes,preliminary_pass,,,,reliable,,65,64.5458526209,0.698688275538,0.78,0.791725422488,1.50325929333,32,32.2223043228,0.69470100875,0.68,0.676530612245,0.510204081618,32,24.5774928695,23.1953347829,STX W.25.300.8.MC_v2 product technical data; Parameters/Parametry and Dimensions/Wymiary; accessed 2026-10-06,https://stx.pl/en/w-25-300-8-mc-v2.html,v2 retained separately from existing unversioned measurement.
STX-20261006-045,5759,STX,W.25.400.8.MCX,8,PA woofer,yes,preliminary_pass,,,,reliable,,54,53.5144680812,0.899133182963,0.29,0.30661944299,5.73084241034,50,49.1814118611,1.6371762778,0.28,0.28159,0.567857142857,30.5,23.0774928695,24.3360889525,STX W.25.400.8.MCX product technical data; Parameters/Parametry and Dimensions/Wymiary; accessed 2026-10-06,https://stx.pl/en/w-25-400-8-mcx.html,Published table retained separately from existing imported measurement.
STX-20261006-046,5760,STX,W.30.300.4.MC,4,PA woofer,yes,numerical_review,coupling_failed,,,unreliable,coupling_failed: reproduced radiation-mass correction 32.074950019% exceeds 30% of Mms.,50,49.9805641816,0.0388716368,0.85,0.837553510186,1.46429291929,88,88.4333963034,0.492495799318,0.75,0.75183423913,0.244565217333,39,26.4907694926,32.074950019,STX W.30.300.4.MC product technical data; Parameters/Parametry and Dimensions/Wymiary; accessed 2026-10-06,https://stx.pl/en/w-30-300-4-mc.html,
STX-20261006-047,5761,STX,W.30.300.8.MC,8,PA woofer,yes,preliminary_pass,,,,reliable,,34,33.2149948759,2.30883860029,0.72,0.736773851067,2.32970153708,136,139.452663402,2.53872308971,0.59,0.584647519582,0.907200070847,56,43.4907694926,22.3379116204,STX W.30.300.8.MC product technical data; Parameters/Parametry and Dimensions/Wymiary; accessed 2026-10-06,https://stx.pl/en/w-30-300-8-mc.html,
STX-20261006-048,5762,STX,W.30.500.8.MC v2,8,PA woofer,yes,numerical_review,coupling_failed,,,unreliable,coupling_failed: reproduced radiation-mass correction 31.2707117226% exceeds 30% of Mms.,53,53.0516476973,0.0974484854717,0.35,0.344831619669,1.47668009457,78,79.5852401936,2.03235922256,0.31,0.315,1.61290322581,45,30.9281797248,31.2707117226,STX W.30.500.8.MC v2 product technical data; Parameters/Parametry and Dimensions/Wymiary; accessed 2026-10-06,https://stx.pl/en/w-30-500-8-mc.html,
STX-20261006-049,5763,STX,W.30.750.8.MCX,8,PA woofer,yes,preliminary_pass,,,,reliable,,47,47.4508362278,0.959226016596,0.42,0.421967463188,0.46844361619,57,55.2691019251,3.0366632893,0.37,0.372580645161,0.697471665135,75,61.7171355901,17.7104858799,STX W.30.750.8.MCX product technical data; Parameters/Parametry and Dimensions/Wymiary; accessed 2026-10-06,https://stx.pl/en/1641.html,Several image captions omit X; title and descriptive heading consistently identify MCX.
STX-20261006-050,5764,STX,W.38.500.4.MC,4,PA woofer,yes,numerical_review,coupling_failed,,,unreliable,coupling_failed: reproduced radiation-mass correction 31.3399154181% exceeds 30% of Mms.,38,38.0670670884,0.176492337895,0.52,0.522378497834,0.457403429615,196,196.759915279,0.387711877041,0.46,0.459777282851,0.0484167715217,92,63.1672778154,31.3399154181,STX W.38.500.4.MC product technical data; Parameters/Parametry and Dimensions/Wymiary; accessed 2026-10-06,https://stx.pl/en/w-38-500-4-mc.html,
STX-20261006-051,5765,STX,W.38.500.8.MC,8,PA woofer,yes,numerical_review,coupling_failed,,,unreliable,coupling_failed: reproduced radiation-mass correction 36.0409027308% exceeds 30% of Mms.,32,31.9590816454,0.127869858125,0.48,0.500691329166,4.31069357625,315,321.029335455,1.91407474762,0.41,0.416876712329,1.67724690951,80,51.1672778154,36.0409027308,STX W.38.500.8.MC product technical data; Parameters/Parametry and Dimensions/Wymiary; accessed 2026-10-06,https://stx.pl/en/w-38-500-8-mc.html,"Internal descriptive heading says 4-ohm version, but product title, key features and parameter table identify 8 ohm."
STX-20261006-052,5766,STX,W.38.800.4.MC,4,PA woofer,yes,preliminary_pass,,,,reliable,,27,25.8865534289,4.12387618926,0.23,0.246544364649,7.1932020213,272,276.345509626,1.59761383309,0.22,0.2185,0.681818181818,140,111.419826306,20.4144097816,STX W.38.800.4.MC product technical data; Parameters/Parametry and Dimensions/Wymiary; accessed 2026-10-06,https://stx.pl/en/w-38-800-4-mc.html,Published table retained separately from original imported measurement.
STX-20261006-053,5767,STX,W.38.800.8.MC,8,PA woofer,yes,preliminary_pass,,,,reliable,,28,27.8576871358,0.508260229286,0.27,0.257807763712,4.51564306963,247,245.640453001,0.550423886235,0.24,0.251683417085,4.86809045208,136,107.419826306,21.0148335987,STX W.38.800.8.MC product technical data; Parameters/Parametry and Dimensions/Wymiary; accessed 2026-10-06,https://stx.pl/en/w-38-800-8-mc.html,Source explicitly states sensitivity at 2 V for this 8-ohm model; retained without normalization. Current source measurement does not replace the original imported measurement.
STX-20261006-054,5768,STX,W.46.1300.8.MC,8,PA woofer,yes,preliminary_pass,,,,reliable,,36,36.745462211,2.07072836389,0.34,0.321709548806,5.37954446882,164,157.430881331,4.00556016402,0.32,0.321172638436,0.36644951125,268,216.418698868,19.2467541537,STX W.46.1300.8.MC product technical data; Parameters/Parametry and Dimensions/Wymiary; accessed 2026-10-06,https://stx.pl/en/w-46-1300-8-mc.html,Current source measurement does not replace the original imported measurement.
STX-20261006-055,5769,STX,W.38.1200.8.MC,8,PA woofer,yes,preliminary_pass,,,,reliable,,28,28.1348848799,0.481731713929,0.35,0.348366007972,0.466854865143,207,207.115700294,0.0558938618357,0.32,0.322898230088,0.9056969025,160,131.167277815,18.0204513654,STX W.38.1200.8.MC product technical data; Parameters/Parametry and Dimensions/Wymiary; accessed 2026-10-06,https://stx.pl/en/-duplicate-1-duplicate-1.html,Technical table is embedded as W.38.1200.8.MC.parametry.jpg; read visually. Manufacturer identifies old name SW.STX.15.4.1200.8.F.S.MC. Table URL https://stx.pl/uploads/images/W.38.1200.8.MC.parametry.jpg
STX-20261006-056,5770,STX,D.9.500.8.TI,8,Compression driver,no,incomplete,driver_spec_invalid,,Sd_cm2;Bl_Tm;Mms_g_or_Mmd_g,unreliable,"Missing core T/S fields: Sd_cm2, Bl_Tm, Mms_g_or_Mmd_g.",1350,,,,,,,,,,,,,,,STX D.9.500.8.TI product technical data; Parameters/Parametry and Dimensions/Wymiary; accessed 2026-10-06,https://stx.pl/en/d-9-500-8-ti.html,"Recommended crossover requires 18 dB/oct; AES rating over 1900-23000 Hz. No Sd, Bl or mass published. 500 W is speaker-system power, not driver AES. Coil text 1.5 inch versus table 35 mm; no coil dimension imported."
STX-20261006-057,5771,STX,D.12.800.8.TI,8,Compression driver,no,incomplete,driver_spec_invalid,,Sd_cm2;Bl_Tm;Mms_g_or_Mmd_g,unreliable,"Missing core T/S fields: Sd_cm2, Bl_Tm, Mms_g_or_Mmd_g.",900,,,,,,,,,,,,,,,STX D.12.800.8.TI product technical data; Parameters/Parametry and Dimensions/Wymiary; accessed 2026-10-06,https://stx.pl/en/d-12-800-8-ti.html,"Recommended crossover requires 18 dB/oct; AES rating over 1600-23000 Hz. No Sd, Bl or mass published. 800 W is speaker-system power, not driver AES."
STX-20261006-058,5772,STX,D.14.1000.8.TI,8,Compression driver,no,incomplete,driver_spec_invalid,,Sd_cm2;Bl_Tm;Mms_g_or_Mmd_g,unreliable,"Missing core T/S fields: Sd_cm2, Bl_Tm, Mms_g_or_Mmd_g.",900,,,,,,,,,,,,,,,STX D.14.1000.8.TI product technical data; Parameters/Parametry and Dimensions/Wymiary; accessed 2026-10-06,https://stx.pl/en/d-14-1000-8-ti.html,"Recommended crossover requires 18 dB/oct; AES rating over 1300-23000 Hz. No Sd, Bl or mass published. 1000 W is speaker-system power, not driver AES."
STX-20261006-059,5773,STX,W.20.300.2x2.MC,4,Car subwoofer (DVC),yes,preliminary_pass,,,,reliable,,33,34.1972281243,3.62796401303,0.45,0.460794141745,2.39869816556,26,24.6525551934,5.18248002538,0.39,0.398734177215,2.23953261923,57,53.3895849131,6.33406155602,STX W.20.300.2x2.MC product technical data; Parameters/Parametry and Dimensions/Wymiary; accessed 2026-10-06,https://stx.pl/en/w-20-300-2x2-mc.html,Nominal coil rating 2x2 ohm; source specifies series coils connection in sensitivity table. Z=4 is combined nominal series impedance; published Re/Bl/Le copied without conversion. Do not use for parallel or single-coil wiring.
STX-20261006-060,5774,STX,W.20.300.2x4.MC,8,Car subwoofer (DVC),yes,preliminary_pass,,,,reliable,,35,35.1343119853,0.383748529429,0.48,0.444450725387,7.40609887771,25,24.6525551934,1.3897792264,0.42,0.423529411765,0.840336134524,54,50.3895849131,6.68595386469,STX W.20.300.2x4.MC product technical data; Parameters/Parametry and Dimensions/Wymiary; accessed 2026-10-06,https://stx.pl/en/w-20-300-2x4-mc.html,Nominal coil rating 2x4 ohm; source specifies series coils connection in sensitivity table. Z=8 is combined nominal series impedance; published Re/Bl/Le copied without conversion. Source explicitly gives 2 V sensitivity; not normalized. Do not use for parallel or single-coil wiring.
STX-20261006-061,5775,STX,W.25.400.2x2.MC,4,Car subwoofer (DVC),yes,preliminary_pass,,,,reliable,,33,33.1572798108,0.476605487273,0.36,0.365604447915,1.5567910875,34,33.7351888567,0.778856303824,0.33,0.327272727273,0.826446280909,96,89.5523373585,6.71631525157,STX W.25.400.2x2.MC product technical data; Parameters/Parametry and Dimensions/Wymiary; accessed 2026-10-06,https://stx.pl/en/w-25-400-2x2-mc.html,Nominal coil rating 2x2 ohm; source specifies series coils connection in sensitivity table. Z=4 is combined nominal series impedance; published Re/Bl/Le copied without conversion. Do not use for parallel or single-coil wiring.
STX-20261006-062,5776,STX,W.25.400.2x4.MC,,Car subwoofer (DVC),yes,source_or_supplemental_review,,source_impedance_conflict;nominal_impedance_unresolved,,unreliable,Catalogue/title 2x4 ohm versus feature/parameter table 2x2 ohm; combined nominal Z not assigned.,32,33.0071975928,3.1474924775,0.37,0.362328903306,2.07326937676,35,35.1408217258,0.402347788,0.33,0.329376854599,0.188831939697,93,86.5523373585,6.93297058226,STX W.25.400.2x4.MC product technical data; Parameters/Parametry and Dimensions/Wymiary; accessed 2026-10-06,https://stx.pl/en/w-25-400-2x4-mc.html,"IDENTITY/IMPEDANCE CONFLICT: title and catalogue say 2x4 ohm but features and parameter table say 2x2 ohm. Z left blank pending confirmation. Source states series coils connection. Sensitivity table gives 89 dB while key features say 88 dB. Published Re/Bl/Le are retained, not rewired or inferred."
STX-20261006-063,5777,STX,W.30.500.2x2.MC,4,Car subwoofer (DVC),yes,preliminary_pass,,,,reliable,,29,28.5620469946,1.51018277724,0.43,0.421190077143,2.04881926907,76,78.2295428838,2.93360905763,0.38,0.381723237598,0.453483578421,135,122.490769493,9.26609667216,STX W.30.500.2x2.MC product technical data; Parameters/Parametry and Dimensions/Wymiary; accessed 2026-10-06,https://stx.pl/en/w-30-500-2x2-mc.html,Nominal coil rating 2x2 ohm; source specifies series coils connection in sensitivity table. Z=4 is combined nominal series impedance; published Re/Bl/Le copied without conversion. Do not use for parallel or single-coil wiring.
STX-20261006-064,5778,STX,W.30.500.2x4.MC,8,Car subwoofer (DVC),yes,preliminary_pass,,,,reliable,,29,29.3276646781,1.12987820034,0.45,0.453764332807,0.836518401556,62,64.624404991,4.23291127581,0.39,0.394520547945,1.15911485769,155,142.490769493,8.07047129511,STX W.30.500.2x4.MC product technical data; Parameters/Parametry and Dimensions/Wymiary; accessed 2026-10-06,https://stx.pl/en/w-30-500-2x4-mc.html,Nominal coil rating 2x4 ohm; source specifies series coils connection in sensitivity table. Z=8 is combined nominal series impedance; published Re/Bl/Le copied without conversion. Source explicitly gives 2 V sensitivity; not normalized. Do not use for parallel or single-coil wiring.
STX-20261006-065,5779,STX,T.9.100.8.MS,8,Dome tweeter,no,incomplete,driver_spec_invalid,,Sd_cm2;Bl_Tm;Mms_g_or_Mmd_g,unreliable,"Missing core T/S fields: Sd_cm2, Bl_Tm, Mms_g_or_Mmd_g.",640,,,,,,,,,,,,,,,STX T.9.100.8.MS product technical data; Parameters/Parametry and Dimensions/Wymiary; accessed 2026-10-06,https://stx.pl/en/t-9-100-8-ms.html,"Recommended crossover requires 12 dB/oct. Nominal size describes front panel, not dome or piston. No Sd, Bl or moving mass published."
STX-20261006-066,5780,STX,T.9.200.8.PC,8,Dome tweeter,no,incomplete,driver_spec_invalid,,Sd_cm2;Bl_Tm;Mms_g_or_Mmd_g,unreliable,"Missing core T/S fields: Sd_cm2, Bl_Tm, Mms_g_or_Mmd_g.",1050,,,,,,,,,,,,,,,STX T.9.200.8.PC product technical data; Parameters/Parametry and Dimensions/Wymiary; accessed 2026-10-06,https://stx.pl/en/t-9-200-8-pc.html,"Recommended crossover requires 12 dB/oct. Source overall dimensions 90x90 mm; scalar Diameter left blank because panel is square. Nominal 4-inch size describes panel. No Sd, Bl or moving mass published."
STX-20261006-067,5781,STX,T.10.100.8.PC,8,Dome tweeter,no,incomplete,driver_spec_invalid,,Sd_cm2;Bl_Tm;Mms_g_or_Mmd_g,unreliable,"Missing core T/S fields: Sd_cm2, Bl_Tm, Mms_g_or_Mmd_g.",690,,,,,,,,,,,,,,,STX T.10.100.8.PC product technical data; Parameters/Parametry and Dimensions/Wymiary; accessed 2026-10-06,https://stx.pl/en/t-10-100-8-pc.html,"Recommended crossover requires 12 dB/oct. Source nominal 3.5-inch size describes panel. No Sd, Bl or moving mass published."
STX-20261006-068,5782,STX,T.10.150.4.MS,4,Dome tweeter,no,incomplete,driver_spec_invalid,,Sd_cm2;Bl_Tm;Mms_g_or_Mmd_g,unreliable,"Missing core T/S fields: Sd_cm2, Bl_Tm, Mms_g_or_Mmd_g.",1050,,,,,,,,,,,,,,,STX T.10.150.4.MS product technical data; Parameters/Parametry and Dimensions/Wymiary; accessed 2026-10-06,https://stx.pl/en/t-10-150-4-ms.html,"Recommended crossover requires 12 dB/oct. Dimension section gives 103.8 mm versus summary 103.7 mm. Nominal size describes panel. No Sd, Bl or moving mass published."
STX-20261006-069,5783,STX,T.10.150.8.MS,8,Dome tweeter,no,incomplete,driver_spec_invalid,,Sd_cm2;Bl_Tm;Mms_g_or_Mmd_g,unreliable,"Missing core T/S fields: Sd_cm2, Bl_Tm, Mms_g_or_Mmd_g.",850,,,,,,,,,,,,,,,STX T.10.150.8.MS product technical data; Parameters/Parametry and Dimensions/Wymiary; accessed 2026-10-06,https://stx.pl/en/t-10-150-8-ms.html,"Recommended crossover requires 12 dB/oct. Dimension section gives 103.8 mm versus summary 103.7 mm. Nominal size describes panel. No Sd, Bl or moving mass published."
STX-20261006-070,5784,STX,T.10.150.8.MSX,8,Dome tweeter,no,incomplete,driver_spec_invalid,,Sd_cm2;Bl_Tm;Mms_g_or_Mmd_g,unreliable,"Missing core T/S fields: Sd_cm2, Bl_Tm, Mms_g_or_Mmd_g.",650,,,,,,,,,,,,,,,STX T.10.150.8.MSX product technical data; Parameters/Parametry and Dimensions/Wymiary; accessed 2026-10-06,https://stx.pl/en/t-10-150-8-msx.html,"Recommended crossover requires 12 dB/oct. Nominal size describes panel. No Sd, Bl or moving mass published."
STX-20261006-071,5785,STX,T.10.200.8.PC,8,Dome tweeter,no,incomplete,driver_spec_invalid,,Sd_cm2;Bl_Tm;Mms_g_or_Mmd_g,unreliable,"Missing core T/S fields: Sd_cm2, Bl_Tm, Mms_g_or_Mmd_g.",1050,,,,,,,,,,,,,,,STX T.10.200.8.PC product technical data; Parameters/Parametry and Dimensions/Wymiary; accessed 2026-10-06,https://stx.pl/en/t-10-200-8-pc.html,"Recommended crossover requires 12 dB/oct. Nominal size describes panel. No Sd, Bl or moving mass published."
STX-20261006-072,5786,STX,T.10.200.8.PCX,8,Dome tweeter,no,incomplete,driver_spec_invalid,,Sd_cm2;Bl_Tm;Mms_g_or_Mmd_g,unreliable,"Missing core T/S fields: Sd_cm2, Bl_Tm, Mms_g_or_Mmd_g.",750,,,,,,,,,,,,,,,STX T.10.200.8.PCX product technical data; Parameters/Parametry and Dimensions/Wymiary; accessed 2026-10-06,https://stx.pl/en/t-10-200-8-pcx.html,"Recommended crossover requires 18 dB/oct. Nominal size describes panel. No Sd, Bl or moving mass published."
STX-20261006-073,5787,STX,T.10.200.8.MSX,8,Dome tweeter,no,incomplete,driver_spec_invalid,,Sd_cm2;Bl_Tm;Mms_g_or_Mmd_g,unreliable,"Missing core T/S fields: Sd_cm2, Bl_Tm, Mms_g_or_Mmd_g.",650,,,,,,,,,,,,,,,STX T.10.200.8.MSX product technical data; Parameters/Parametry and Dimensions/Wymiary; accessed 2026-10-06,https://stx.pl/en/t-10-200-8-msx.html,"Recommended crossover requires 12 dB/oct. Nominal size describes panel. No Sd, Bl or moving mass published."
STX-20261006-074,5788,STX,T.10.250.8.PCX,8,Dome tweeter,no,incomplete,driver_spec_invalid,,Sd_cm2;Bl_Tm;Mms_g_or_Mmd_g,unreliable,"Missing core T/S fields: Sd_cm2, Bl_Tm, Mms_g_or_Mmd_g.",740,,,,,,,,,,,,,,,STX T.10.250.8.PCX product technical data; Parameters/Parametry and Dimensions/Wymiary; accessed 2026-10-06,https://stx.pl/en/t-10-250-8-pcx.html,"Recommended crossover requires 18 dB/oct. Parameter table and catalogue agree on Fs 740 Hz; stray footer says 1050 Hz. Nominal size describes panel. No Sd, Bl or moving mass published."
STX-20261006-075,5789,STX,T.10.200.8.ALX,8,Dome tweeter,no,incomplete,driver_spec_invalid,,Sd_cm2;Bl_Tm;Mms_g_or_Mmd_g,unreliable,"Missing core T/S fields: Sd_cm2, Bl_Tm, Mms_g_or_Mmd_g.",700,,,,,,,,,,,,,,,STX T.10.200.8.ALX product technical data; Parameters/Parametry and Dimensions/Wymiary; accessed 2026-10-06,https://stx.pl/en/t-10-200-8-alx.html,"Recommended crossover requires 18 dB/oct. Parameter table and catalogue agree on Fs 700 Hz and sensitivity 90 dB; stray footer says 1050 Hz and 92 dB. Nominal size describes panel. No Sd, Bl or moving mass published."
STX-20261006-076,5790,STX,T.10.250.8.PC,8,Waveguide dome tweeter,no,incomplete,driver_spec_invalid,,Sd_cm2;Bl_Tm;Mms_g_or_Mmd_g,unreliable,"Missing core T/S fields: Sd_cm2, Bl_Tm, Mms_g_or_Mmd_g.",1040,,,,,,,,,,,,,,,STX T.10.250.8.PC product technical data; Parameters/Parametry and Dimensions/Wymiary; accessed 2026-10-06,https://stx.pl/t-10-250-8-pc.html,"Polish parameter table provides additional data absent from English page. Rated power (Moc znamionowa) 25 W over 2800-23000 Hz; not explicitly identified as AES. Recommended crossover 2800 Hz / 12 dB/oct. No Sd, Bl or moving mass published. Coil 25 mm is not throat diameter."
STX-20261006-077,5791,STX,T.10.800.8.AL,8,Compression tweeter,no,incomplete,driver_spec_invalid,,Sd_cm2;Bl_Tm;Mms_g_or_Mmd_g,unreliable,"Missing core T/S fields: Sd_cm2, Bl_Tm, Mms_g_or_Mmd_g.",3200,,,,,,,,,,,,,,,STX T.10.800.8.AL product technical data; Parameters/Parametry and Dimensions/Wymiary; accessed 2026-10-06,https://stx.pl/en/t-10-800-8-al.html,"Recommended crossover requires 18 dB/oct. Integral compression tweeter, not a bare 1-inch-exit driver; no throat inferred from coil dimension. Nominal size describes panel. No Sd, Bl or moving mass published."
STX-20261006-078,5792,STX,T.9.250.8.PH,8,Compression tweeter,no,incomplete,driver_spec_invalid,,Sd_cm2;Bl_Tm;Mms_g_or_Mmd_g,unreliable,"Missing core T/S fields: Sd_cm2, Bl_Tm, Mms_g_or_Mmd_g.",1550,,,,,,,,,,,,,,,STX T.9.250.8.PH product technical data; Parameters/Parametry and Dimensions/Wymiary; accessed 2026-10-06,https://stx.pl/en/t-9-250-8-ph.html,"Recommended crossover requires 18 dB/oct. Integral horn dimensions 87x87 mm; scalar Diameter left blank. No throat inferred from 25 mm coil. No Sd, Bl or moving mass published."
STX-20261006-079,5793,STX,T.18.250.8.PH,8,Compression tweeter,no,incomplete,driver_spec_invalid,,Sd_cm2;Bl_Tm;Mms_g_or_Mmd_g,unreliable,"Missing core T/S fields: Sd_cm2, Bl_Tm, Mms_g_or_Mmd_g.",1550,,,,,,,,,,,,,,,STX T.18.250.8.PH product technical data; Parameters/Parametry and Dimensions/Wymiary; accessed 2026-10-06,https://stx.pl/en/t-18-250-8-ph.html,"Recommended crossover requires 18 dB/oct. Integral horn dimensions 188x78 mm; scalar Diameter left blank. No throat inferred from 25 mm coil. No Sd, Bl or moving mass published."
STX-20261006-080,5794,STX,CS.18.140.4.FG,4,Ceiling two-way assembly,no,incomplete,driver_spec_invalid,assembly_not_single_driver,Bl_Tm;Mms_g_or_Mmd_g,unreliable,"Missing core T/S fields: Bl_Tm, Mms_g_or_Mmd_g. | Integrated two-way assembly; no separate LF/HF electrical model.",86,,,1.16,,,,,,0.89,0.865557986871,2.74629361,,,,STX CS.18.140.4.FG product technical data; Parameters/Parametry and Dimensions/Wymiary; accessed 2026-10-06,https://stx.pl/cs-18-140-4-fg.html,"Two-way coaxial ceiling assembly with integrated crossover, not an independently specified single driver. Polish page gives limited T/S, but no Bl, Mms, Cms or Vas. Rated power (Moc znamionowa) 70 W is not explicitly AES; 140 W is music power. STX recommends 30 W for open-baffle use. No separate LF/HF electrical model is supplied; not solver-ready. GTIN is shared with F.18.140.4.WMCX but product codes and construction differ; not merged."
