record_id,master_data_row,master_csv_line,Brand,Model,Category,Record_scope,Source_reference,Source_URL,Technical_table_URL,Accessed_date,Source_language,Power_basis,Power_test_band_Hz,Sensitivity_reference,Le_1kHz_mH,Le_10kHz_mH,Published_Sd_m2,Published_Xmax_peak_to_peak_mm,Mapped_Sd_cm2,Mapped_Xmax_one_way_mm,Published_recommended_XO_min_Hz,Published_AES_W,Published_rated_W,Relationship_to_original,Matching_original_data_rows,Preliminary_status,Source_holds,Mapping_notes,Notes
STX-20261006-001,5715,5716,STX,W.11.100.8.MC,Woofer,single driver,STX W.11.100.8.MC product technical data; Parameters/Parametry and Dimensions/Wymiary; accessed 2026-10-06,https://stx.pl/en/w-11-100-8-mc.html,https://stx.pl/en/w-11-100-8-mc.html,2026-10-06,English,AES (as labelled by STX),,2.83 V / 1 m,0.26,0.13,0.0057,6,57,3,,50,,new_exact_catalogue_identity,,preliminary_pass,,10 kHz inductance retained only in source sidecar; not the LR-2 Le2 parameter.,
STX-20261006-002,5716,5717,STX,W.12.100.8.MC,Woofer,single driver,STX W.12.100.8.MC product technical data; Parameters/Parametry and Dimensions/Wymiary; accessed 2026-10-06,https://stx.pl/en/w-12-100-8-mc.html,https://stx.pl/en/w-12-100-8-mc.html,2026-10-06,English,AES (as labelled by STX),,2.83 V / 1 m,0.28,0.16,0.0057,8,57,4,,50,,new_exact_catalogue_identity,,preliminary_pass,,10 kHz inductance retained only in source sidecar; not the LR-2 Le2 parameter.,
STX-20261006-003,5717,5718,STX,W.12.100.8.WMC,Woofer,single driver,STX W.12.100.8.WMC product technical data; Parameters/Parametry and Dimensions/Wymiary; accessed 2026-10-06,https://stx.pl/en/w-12-100-8-wmc.html,https://stx.pl/en/w-12-100-8-wmc.html,2026-10-06,English,AES (as labelled by STX),,2.83 V / 1 m,0.32,0.17,0.0057,8,57,4,,50,,new_exact_catalogue_identity,,preliminary_pass,,10 kHz inductance retained only in source sidecar; not the LR-2 Le2 parameter.,
STX-20261006-004,5718,5719,STX,W.15.140.8.MCX,Woofer,single driver,STX W.15.140.8.MCX product technical data; Parameters/Parametry and Dimensions/Wymiary; accessed 2026-10-06,https://stx.pl/en/w-15-140-8-mcx.html,https://stx.pl/en/w-15-140-8-mcx.html,2026-10-06,English,AES (as labelled by STX),,2.83 V / 1 m,0.25,0.06,0.087,8,870,4,,70,,new_exact_catalogue_identity,,numerical_review,sd_exceeds_frame_area,10 kHz inductance retained only in source sidecar; not the LR-2 Le2 parameter.,"Published Sd is 0.087 m2; retained literally and flagged, not silently changed to 0.0087 m2. Internal subtitle omits final X; product heading and code identify MCX."
STX-20261006-005,5719,5720,STX,W.15.160.8.FCX,Woofer,single driver,STX W.15.160.8.FCX product technical data; Parameters/Parametry and Dimensions/Wymiary; accessed 2026-10-06,https://stx.pl/en/w-15-160-8-fcx.html,https://stx.pl/en/w-15-160-8-fcx.html,2026-10-06,English,AES (as labelled by STX),,2.83 V / 1 m,0.18,0.06,0.0095,10.5,95,5.25,,100,,new_exact_catalogue_identity,,numerical_review,,10 kHz inductance retained only in source sidecar; not the LR-2 Le2 parameter.,
STX-20261006-006,5720,5721,STX,W.15.160.16.FCX,Woofer,single driver,STX W.15.160.16.FCX product technical data; Parameters/Parametry and Dimensions/Wymiary; accessed 2026-10-06,https://stx.pl/en/w-15-160-16-fcx.html,https://stx.pl/en/w-15-160-16-fcx.html,2026-10-06,English,AES (as labelled by STX),,4.00 V / 1 m,0.28,0.10,0.0095,10.5,95,5.25,,100,,new_exact_catalogue_identity,,preliminary_pass,,10 kHz inductance retained only in source sidecar; not the LR-2 Le2 parameter.,
STX-20261006-007,5721,5722,STX,M.11.100.8.MC,Midrange,single driver,STX M.11.100.8.MC product technical data; Parameters/Parametry and Dimensions/Wymiary; accessed 2026-10-06,https://stx.pl/en/m-11-100-8-mc.html,https://stx.pl/en/m-11-100-8-mc.html,2026-10-06,English,AES (as labelled by STX),,2.83 V / 1 m,0.15,0.09,0.0057,2,57,1,150,50,,new_exact_catalogue_identity,,numerical_review,,Cone-midrange recommended crossover retained in source sidecar to avoid the current XO=>cd classifier. 10 kHz inductance retained only in source sidecar; not the LR-2 Le2 parameter.,Recommended crossover slope 12 dB/oct.
STX-20261006-008,5722,5723,STX,T.9.100.4.MS,Dome tweeter,single driver,STX T.9.100.4.MS product technical data; Parameters/Parametry and Dimensions/Wymiary; accessed 2026-10-06,https://stx.pl/en/t-9-100-4-ms.html,https://stx.pl/en/t-9-100-4-ms.html,2026-10-06,English,AES (as labelled by STX),,2.0 V / 1 m,,0.03,,0.5,,0.25,2400,10,,new_exact_catalogue_identity,,incomplete,,10 kHz inductance retained only in source sidecar; not the LR-2 Le2 parameter.,"Size_in is STX nominal panel diameter, not 1-inch dome/coil diameter. Recommended crossover slope 12 dB/oct. Sd, Mms, Bl and compliance are not published; not solver-ready."
STX-20261006-009,5723,5724,STX,W.16.50.4.MC,Woofer,single driver,STX W.16.50.4.MC product technical data; Parameters/Parametry and Dimensions/Wymiary; accessed 2026-10-06,https://stx.pl/en/w-16-50-4-mc.html,https://stx.pl/en/w-16-50-4-mc.html,2026-10-06,English,AES (as labelled by STX),,2.00 V / 1 m,0.32,0.16,0.0143,6,143,3,,30,,new_exact_catalogue_identity,,preliminary_pass,,10 kHz inductance retained only in source sidecar; not the LR-2 Le2 parameter.,Overall frame 156 x 169 mm; scalar Diameter_mm left blank.
STX-20261006-010,5724,5725,STX,W.16.50.8.MC,Woofer,single driver,STX W.16.50.8.MC product technical data; Parameters/Parametry and Dimensions/Wymiary; accessed 2026-10-06,https://stx.pl/en/w-16-50-8-mc.html,https://stx.pl/en/w-16-50-8-mc.html,2026-10-06,English,AES (as labelled by STX),,2.83 V / 1 m,0.37,0.22,0.0143,6,143,3,,30,,new_exact_catalogue_identity,,numerical_review,,10 kHz inductance retained only in source sidecar; not the LR-2 Le2 parameter.,Overall frame 156 x 169 mm; scalar Diameter_mm left blank.
STX-20261006-011,5725,5726,STX,W.18.140.4.MCX,Woofer,single driver,STX W.18.140.4.MCX product technical data; Parameters/Parametry and Dimensions/Wymiary; accessed 2026-10-06,https://stx.pl/en/w-18-140-4-mcx.html,https://stx.pl/en/w-18-140-4-mcx.html,2026-10-06,English,AES (as labelled by STX),,2.00 V / 1 m,0.52,0.13,0.0143,8,143,4,,70,,new_exact_catalogue_identity,,preliminary_pass,,10 kHz inductance retained only in source sidecar; not the LR-2 Le2 parameter.,
STX-20261006-012,5726,5727,STX,W.18.140.4.WMCX,Woofer,single driver,STX W.18.140.4.WMCX product technical data; Parameters/Parametry and Dimensions/Wymiary; accessed 2026-10-06,https://stx.pl/en/w-18-140-4-wmcx.html,https://stx.pl/en/w-18-140-4-wmcx.html,2026-10-06,English,AES (as labelled by STX),,2.00 V / 1 m,0.46,0.14,0.0143,8,143,4,,70,,new_exact_catalogue_identity,,preliminary_pass,,10 kHz inductance retained only in source sidecar; not the LR-2 Le2 parameter.,
STX-20261006-013,5727,5728,STX,W.18.140.8.MCX,Woofer,single driver,STX W.18.140.8.MCX product technical data; Parameters/Parametry and Dimensions/Wymiary; accessed 2026-10-06,https://stx.pl/en/w-18-140-8-mcx-2193.html,https://stx.pl/en/w-18-140-8-mcx-2193.html,2026-10-06,English,AES (as labelled by STX),,2.83 V / 1 m,0.61,0.19,0.0143,8,143,4,,70,,new_exact_catalogue_identity,,preliminary_pass,,10 kHz inductance retained only in source sidecar; not the LR-2 Le2 parameter.,
STX-20261006-014,5728,5729,STX,W.18.140.8.WMCX,Woofer,single driver,STX W.18.140.8.WMCX product technical data; Parameters/Parametry and Dimensions/Wymiary; accessed 2026-10-06,https://stx.pl/en/w-18-140-8-wmcx.html,https://stx.pl/en/w-18-140-8-wmcx.html,2026-10-06,English,AES (as labelled by STX),,2.83 V / 1 m,0.62,0.18,0.0143,8,143,4,,70,,new_exact_catalogue_identity,,numerical_review,,10 kHz inductance retained only in source sidecar; not the LR-2 Le2 parameter.,Published Re 3.3 ohm for nominal 8-ohm model retained and flagged if inconsistent; not replaced with the black-cone model value.
STX-20261006-015,5729,5730,STX,W.18.180.8.FCX_v2,Woofer,single driver,STX W.18.180.8.FCX_v2 product technical data; Parameters/Parametry and Dimensions/Wymiary; accessed 2026-10-06,https://stx.pl/en/w-18-180-8-fcx-v2.html,https://stx.pl/en/w-18-180-8-fcx-v2.html,2026-10-06,English,AES (as labelled by STX),,2.83 V / 1 m,0.31,0.27,0.0125,12.5,125,6.25,,140,,new_exact_catalogue_identity,,preliminary_pass,,10 kHz inductance retained only in source sidecar; not the LR-2 Le2 parameter.,
STX-20261006-016,5730,5731,STX,W.18.180.16.FCX_v2,Woofer,single driver,STX W.18.180.16.FCX_v2 product technical data; Parameters/Parametry and Dimensions/Wymiary; accessed 2026-10-06,https://stx.pl/en/w-18-180-16-fcx-v2.html,https://stx.pl/en/w-18-180-16-fcx-v2.html,2026-10-06,English,AES (as labelled by STX),,4 V / 1 m,0.43,0.38,0.0125,12.5,125,6.25,,140,,new_exact_catalogue_identity,,source_or_supplemental_review,source_impedance_conflict,10 kHz inductance retained only in source sidecar; not the LR-2 Le2 parameter.,"Nominal 16 ohm supported by model identity, key features and catalogue; Parameters subsection instead says 8 ohm. Manufacturer confirmation needed."
STX-20261006-017,5731,5732,STX,W.18.200.8.MCX_v2,Woofer,single driver,STX W.18.200.8.MCX_v2 product technical data; Parameters/Parametry and Dimensions/Wymiary; accessed 2026-10-06,https://stx.pl/en/w-18-200-8-mcx-v2.html,https://stx.pl/en/w-18-200-8-mcx-v2.html,2026-10-06,English,AES (as labelled by STX),,2.83 V / 1 m,0.29,0.19,0.0133,12,133,6,,100,,new_exact_catalogue_identity,,source_or_supplemental_review,source_revision_conflict,10 kHz inductance retained only in source sidecar; not the LR-2 Le2 parameter.,"Catalogue/page heading/URL say v2, internal heading and image captions say v3. Published table preserved under catalogue identity; revision requires confirmation."
STX-20261006-018,5732,5733,STX,W.18.200.8.FGX_v3,Woofer,single driver,STX W.18.200.8.FGX_v3 product technical data; Parameters/Parametry and Dimensions/Wymiary; accessed 2026-10-06,https://stx.pl/en/w-18-200-8-fgx.html,https://stx.pl/en/w-18-200-8-fgx.html,2026-10-06,English,AES (as labelled by STX),,2.83 V / 1 m,0.39,0.21,0.0133,12,133,6,,100,,new_exact_catalogue_identity,,preliminary_pass,,10 kHz inductance retained only in source sidecar; not the LR-2 Le2 parameter.,
STX-20261006-019,5733,5734,STX,W.18.220.8.MCX,Woofer,single driver,STX W.18.220.8.MCX product technical data; Parameters/Parametry and Dimensions/Wymiary; accessed 2026-10-06,https://stx.pl/en/w-18-220-8-mcx.html,https://stx.pl/en/w-18-220-8-mcx.html,2026-10-06,English,AES (as labelled by STX),,2.83 V / 1 m,0.28,0.20,0.0133,12,133,6,,110,,new_exact_catalogue_identity,,preliminary_pass,,10 kHz inductance retained only in source sidecar; not the LR-2 Le2 parameter.,
STX-20261006-020,5734,5735,STX,W.20.80.4.MC,Woofer,single driver,STX W.20.80.4.MC product technical data; Parameters/Parametry and Dimensions/Wymiary; accessed 2026-10-06,https://stx.pl/en/w-20-80-4-mc.html,https://stx.pl/en/w-20-80-4-mc.html,2026-10-06,English,AES (as labelled by STX),,2 V / 1 m,0.22,0.12,0.0214,7,214,3.5,,60,,new_exact_catalogue_identity,,preliminary_pass,,10 kHz inductance retained only in source sidecar; not the LR-2 Le2 parameter.,
STX-20261006-021,5735,5736,STX,W.20.80.8.MC,Woofer,single driver,STX W.20.80.8.MC product technical data; Parameters/Parametry and Dimensions/Wymiary; accessed 2026-10-06,https://stx.pl/en/w-20-80-8-mc.html,https://stx.pl/en/w-20-80-8-mc.html,2026-10-06,English,AES (as labelled by STX),,2.83 V / 1 m,0.40,0.21,0.0214,7,214,3.5,,60,,new_exact_catalogue_identity,,preliminary_pass,,10 kHz inductance retained only in source sidecar; not the LR-2 Le2 parameter.,
STX-20261006-022,5736,5737,STX,W.20.140.8.MC,Woofer,single driver,STX W.20.140.8.MC product technical data; Parameters/Parametry and Dimensions/Wymiary; accessed 2026-10-06,https://stx.pl/en/w-20-140-8-mc.html,https://stx.pl/en/w-20-140-8-mc.html,2026-10-06,English,AES (as labelled by STX),,2.83 V / 1 m,0.68,0.29,0.0224,9,224,4.5,,70,,new_exact_catalogue_identity,,preliminary_pass,,10 kHz inductance retained only in source sidecar; not the LR-2 Le2 parameter.,
STX-20261006-023,5737,5738,STX,W.22.200.8.MCX_v3,Woofer,single driver,STX W.22.200.8.MCX_v3 product technical data; Parameters/Parametry and Dimensions/Wymiary; accessed 2026-10-06,https://stx.pl/en/w-22-200-8-mcx-v2.html,https://stx.pl/en/w-22-200-8-mcx-v2.html,2026-10-06,English,AES (as labelled by STX),,2.83 V / 1 m,0.29,0.16,0.0214,10,214,5,,100,,new_exact_catalogue_identity,,source_or_supplemental_review,source_revision_conflict,10 kHz inductance retained only in source sidecar; not the LR-2 Le2 parameter.,"Catalogue/page title v3, internal descriptive heading/dimension caption v4, URL/response caption v2. Table retained under catalogue identity; revision requires confirmation."
STX-20261006-024,5738,5739,STX,W.22.250.8.FCX,Woofer,single driver,STX W.22.250.8.FCX product technical data; Parameters/Parametry and Dimensions/Wymiary; accessed 2026-10-06,https://stx.pl/en/w-22-250-8-fcx.html,https://stx.pl/en/w-22-250-8-fcx.html,2026-10-06,English,AES (as labelled by STX),,2.83 V / 1 m,1.05,0.41,0.0214,13,214,6.5,,150,,new_exact_catalogue_identity,,preliminary_pass,,10 kHz inductance retained only in source sidecar; not the LR-2 Le2 parameter.,
STX-20261006-025,5739,5740,STX,W.25.200.8.MC,Woofer,single driver,STX W.25.200.8.MC product technical data; Parameters/Parametry and Dimensions/Wymiary; accessed 2026-10-06,https://stx.pl/en/w-25-200-8-mc.html,https://stx.pl/en/w-25-200-8-mc.html,2026-10-06,English,AES (as labelled by STX),,2.83 V / 1 m,1.9,0.83,0.0345,9,345,4.5,,100,,additional_measurement_for_existing_identity,5331,preliminary_pass,,10 kHz inductance retained only in source sidecar; not the LR-2 Le2 parameter.,New published measurement set; existing imported measurement retained separately.
STX-20261006-026,5740,5741,STX,W.27.400.8.MC,Woofer,single driver,STX W.27.400.8.MC product technical data; Parameters/Parametry and Dimensions/Wymiary; accessed 2026-10-06,https://stx.pl/en/w-27-400-8-mc.html,https://stx.pl/en/w-27-400-8-mc.html,2026-10-06,English,AES (as labelled by STX),,2.83 V / 1 m,0.95,0.40,0.0345,11,345,5.5,,250,,additional_measurement_for_existing_identity,5334,preliminary_pass,,10 kHz inductance retained only in source sidecar; not the LR-2 Le2 parameter.,New published measurement set; existing imported measurement retained separately.
STX-20261006-027,5741,5742,STX,W.27.500.8.FCX,Woofer,single driver,STX W.27.500.8.FCX product technical data; Parameters/Parametry and Dimensions/Wymiary; accessed 2026-10-06,https://stx.pl/en/w-27-500-8-fcx.html,https://stx.pl/en/w-27-500-8-fcx.html,2026-10-06,English,AES (as labelled by STX),,2.83 V / 1 m,1.37,0.67,0.0350,27,350,13.5,,300,,additional_measurement_for_existing_identity,5335,preliminary_pass,,10 kHz inductance retained only in source sidecar; not the LR-2 Le2 parameter.,New published measurement set; existing imported measurement retained separately.
STX-20261006-028,5742,5743,STX,W.30.200.8.MC,Woofer,single driver,STX W.30.200.8.MC product technical data; Parameters/Parametry and Dimensions/Wymiary; accessed 2026-10-06,https://stx.pl/en/w-30-200-8-mc.html,https://stx.pl/en/w-30-200-8-mc.html,2026-10-06,English,AES (as labelled by STX),,2.83 V / 1 m,1.93,0.78,0.0510,8,510,4,,100,,additional_measurement_for_existing_identity,5336,preliminary_pass,,10 kHz inductance retained only in source sidecar; not the LR-2 Le2 parameter.,New published measurement set; existing imported measurement retained separately.
STX-20261006-029,5743,5744,STX,W.32.500.8.MC_v2,Woofer,single driver,STX W.32.500.8.MC_v2 product technical data; Parameters/Parametry and Dimensions/Wymiary; accessed 2026-10-06,https://stx.pl/en/w-32-500-8-mc.html,https://stx.pl/en/w-32-500-8-mc.html,2026-10-06,English,AES (as labelled by STX),,2.83 V / 1 m,1.27,0.47,0.0491,15,491,7.5,,300,,explicit_revision_of_existing_unversioned_model,,preliminary_pass,,10 kHz inductance retained only in source sidecar; not the LR-2 Le2 parameter.,v2 catalogue/page identity preserved separately from original unversioned model.
STX-20261006-030,5744,5745,STX,M.12.140.8.MC,Midrange,single driver,STX M.12.140.8.MC product technical data; Parameters/Parametry and Dimensions/Wymiary; accessed 2026-10-06,https://stx.pl/en/m-12-140-8-mc.html,https://stx.pl/en/m-12-140-8-mc.html,2026-10-06,English,AES (as labelled by STX),,2.83 V / 1 m,0.22,0.12,0.0057,3,57,1.5,100,70,,new_exact_catalogue_identity,,preliminary_pass,,Cone-midrange recommended crossover retained in source sidecar to avoid the current XO=>cd classifier. 10 kHz inductance retained only in source sidecar; not the LR-2 Le2 parameter.,Parameters Fs 88 Hz retained; summary instead says 95 Hz. Recommended crossover slope 12 dB/oct.
STX-20261006-031,5745,5746,STX,M.12.140.8.WMC,Midrange,single driver,STX M.12.140.8.WMC product technical data; Parameters/Parametry and Dimensions/Wymiary; accessed 2026-10-06,https://stx.pl/en/m-12-140-8-wmc.html,https://stx.pl/en/m-12-140-8-wmc.html,2026-10-06,English,AES (as labelled by STX),,2.83 V / 1 m,0.22,0.12,0.0057,3,57,1.5,100,70,,new_exact_catalogue_identity,,preliminary_pass,,Cone-midrange recommended crossover retained in source sidecar to avoid the current XO=>cd classifier. 10 kHz inductance retained only in source sidecar; not the LR-2 Le2 parameter.,Recommended crossover slope 12 dB/oct.
STX-20261006-032,5746,5747,STX,M.15.150.8.MCX,Midrange,single driver,STX M.15.150.8.MCX product technical data; Parameters/Parametry and Dimensions/Wymiary; accessed 2026-10-06,https://stx.pl/en/m-15-150-8-mcx.html,https://stx.pl/en/m-15-150-8-mcx.html,2026-10-06,English,AES (as labelled by STX),,2.83 V / 1 m,0.15,0.05,0.0087,4,87,2,150,75,,new_exact_catalogue_identity,,preliminary_pass,,Cone-midrange recommended crossover retained in source sidecar to avoid the current XO=>cd classifier. 10 kHz inductance retained only in source sidecar; not the LR-2 Le2 parameter.,Parameters sensitivity 89 dB retained; key features say 90 dB. Recommended crossover slope 12 dB/oct.
STX-20261006-033,5747,5748,STX,M.15.250.8.FCX,Midrange,single driver,STX M.15.250.8.FCX product technical data; Parameters/Parametry and Dimensions/Wymiary; accessed 2026-10-06,https://stx.pl/en/m-15-250-8-fcx.html,https://stx.pl/en/m-15-250-8-fcx.html,2026-10-06,English,AES (as labelled by STX),,2.83 V / 1 m,0.28,0.17,0.0095,4.5,95,2.25,100,75,,new_exact_catalogue_identity,,source_or_supplemental_review,source_parameter_conflict,Cone-midrange recommended crossover retained in source sidecar to avoid the current XO=>cd classifier. 10 kHz inductance retained only in source sidecar; not the LR-2 Le2 parameter.,"Parameters AES 75 W and Fs 58 Hz retained; key features AES 80 W, summary Fs 68 Hz and diameter 157 mm conflict with Dimension 156 mm. Recommended crossover slope 12 dB/oct."
STX-20261006-034,5748,5749,STX,M.16.120.8.MC,Midrange,single driver,STX M.16.120.8.MC product technical data; Parameters/Parametry and Dimensions/Wymiary; accessed 2026-10-06,https://stx.pl/en/m-16-120-8-mc.html,https://stx.pl/en/m-16-120-8-mc.html,2026-10-06,English,AES (as labelled by STX),,2.83 V / 1 m,0.43,0.20,0.0143,2,143,1,100,60,,new_exact_catalogue_identity,,preliminary_pass,,Cone-midrange recommended crossover retained in source sidecar to avoid the current XO=>cd classifier. 10 kHz inductance retained only in source sidecar; not the LR-2 Le2 parameter.,Overall frame 157 x 169 mm; scalar Diameter omitted. Recommended crossover slope 12 dB/oct.
STX-20261006-035,5749,5750,STX,M.18.140.8.MC,Midrange,single driver,STX M.18.140.8.MC product technical data; Parameters/Parametry and Dimensions/Wymiary; accessed 2026-10-06,https://stx.pl/en/m-18-140-8-mc.html,https://stx.pl/en/m-18-140-8-mc.html,2026-10-06,English,AES (as labelled by STX),,2.83 V / 1 m,0.22,0.13,0.0143,3,143,1.5,70,70,,new_exact_catalogue_identity,,preliminary_pass,,Cone-midrange recommended crossover retained in source sidecar to avoid the current XO=>cd classifier. 10 kHz inductance retained only in source sidecar; not the LR-2 Le2 parameter.,Recommended crossover slope 12 dB/oct.
STX-20261006-036,5750,5751,STX,M.18.140.8.WMC,Midrange,single driver,STX M.18.140.8.WMC product technical data; Parameters/Parametry and Dimensions/Wymiary; accessed 2026-10-06,https://stx.pl/en/m-18-140-8-wmc.html,https://stx.pl/en/m-18-140-8-wmc.html,2026-10-06,English,AES (as labelled by STX),,2.83 V / 1 m,0.16,0.12,0.0143,3,143,1.5,70,70,,new_exact_catalogue_identity,,preliminary_pass,,Cone-midrange recommended crossover retained in source sidecar to avoid the current XO=>cd classifier. 10 kHz inductance retained only in source sidecar; not the LR-2 Le2 parameter.,"Internal descriptive heading omits W, but product title and white-cone description identify WMC. Recommended crossover slope 12 dB/oct."
STX-20261006-037,5751,5752,STX,M.18.200.8.MCX,Midrange,single driver,STX M.18.200.8.MCX product technical data; Parameters/Parametry and Dimensions/Wymiary; accessed 2026-10-06,https://stx.pl/en/m-18-200-8-mcx.html,https://stx.pl/en/m-18-200-8-mcx.html,2026-10-06,English,AES (as labelled by STX),,2.83 V / 1 m,0.26,0.06,0.0143,6,143,3,150,75,,new_exact_catalogue_identity,,source_or_supplemental_review,source_power_conflict,Cone-midrange recommended crossover retained in source sidecar to avoid the current XO=>cd classifier. 10 kHz inductance retained only in source sidecar; not the LR-2 Le2 parameter.,Parameters AES 75 W retained; key features say 100 W. Recommended crossover slope 12 dB/oct.
STX-20261006-038,5752,5753,STX,F.18.140.8.WMCX,Full-range,single driver,STX F.18.140.8.WMCX product technical data; Parameters/Parametry and Dimensions/Wymiary; accessed 2026-10-06,https://stx.pl/en/f-18-140-8-wmcx.html,https://stx.pl/en/f-18-140-8-wmcx.html,2026-10-06,English,AES (as labelled by STX),,2.83 V / 1 m,0.13,0.05,0.0133,8,133,4,,70,,new_exact_catalogue_identity,,preliminary_pass,,10 kHz inductance retained only in source sidecar; not the LR-2 Le2 parameter.,Internal descriptive heading starts W instead of F; page title and full-range description support F identity.
STX-20261006-039,5753,5754,STX,F.18.140.8.MCX,Full-range,single driver,STX F.18.140.8.MCX product technical data; Parameters/Parametry and Dimensions/Wymiary; accessed 2026-10-06,https://stx.pl/en/f-18-140-8-mcx.html,https://stx.pl/en/f-18-140-8-mcx.html,2026-10-06,English,AES (as labelled by STX),,2.83 V / 1 m,0.15,0.05,0.0133,8,133,4,,70,,new_exact_catalogue_identity,,preliminary_pass,,10 kHz inductance retained only in source sidecar; not the LR-2 Le2 parameter.,Internal descriptive heading starts W instead of F; page title and full-range description support F identity. White-cone wording may be copied from WMCX.
STX-20261006-040,5754,5755,STX,F.30.300.8.MC,Full-range,single driver,STX F.30.300.8.MC product technical data; Parameters/Parametry and Dimensions/Wymiary; accessed 2026-10-06,https://stx.pl/en/f-30-300-8-mc.html,https://stx.pl/en/f-30-300-8-mc.html,2026-10-06,English,AES (as labelled by STX),,2.83 V / 1 m,0.39,0.19,0.0490,8,490,4,,150,,possible_punctuation_alias_of_F30.300.8.MC,,source_or_supplemental_review,qts_inconsistent_supplemental,10 kHz inductance retained only in source sidecar; not the LR-2 Le2 parameter.,Likely punctuation alias of original F30.300.8.MC; new published record retained separately. Published Qts 1.51 conflicts with Qms/Qes parallel relation (about 1.045); not replaced by calculation.
STX-20261006-041,5755,5756,STX,W.32.800.8.FCX,Woofer,single driver,STX W.32.800.8.FCX product technical data; Parameters/Parametry and Dimensions/Wymiary; accessed 2026-10-06,https://stx.pl/manufacturer/stx/w-32-800-8-fcx.html,https://stx.pl/manufacturer/stx/w-32-800-8-fcx.html,2026-10-06,Polish,Rated / Moc znamionowa (not explicitly AES),25-500,2.83 V / 1 m,1.68,1.08,0.0491,30,491,15,,,400,new_exact_catalogue_identity,,preliminary_pass,,10 kHz inductance retained only in source sidecar; not the LR-2 Le2 parameter.,Full Polish technical table supplies data missing on the English page. Nominal frame size is 320 mm; outside diameter is 326 mm. Rated power (Moc znamionowa) 400 W is not explicitly identified as AES; 800 W is music/program power. Size_in left blank rather than guessing a nominal inch class.
STX-20261006-042,5756,5757,STX,F.18.140.4.WMCX,Full-range,single driver,STX F.18.140.4.WMCX product technical data; Parameters/Parametry and Dimensions/Wymiary; accessed 2026-10-06,https://stx.pl/f-18-140-4-wmcx.html,https://stx.pl/f-18-140-4-wmcx.html,2026-10-06,Polish,Rated / Moc znamionowa (not explicitly AES),50-20000,2.00 V / 1 m,0.09,0.03,0.0133,8,133,4,,,70,new_exact_catalogue_identity,,source_or_supplemental_review,source_parameter_conflict,10 kHz inductance retained only in source sidecar; not the LR-2 Le2 parameter.,"Detailed Polish parameter table gives Fs 52 Hz and Vas 21 L; summary instead says 49 Hz and 24 L. Detailed table retained and conflict recorded. Rated power (Moc znamionowa) 70 W is not explicitly AES. STX recommends reducing power to 30 W for open-baffle use. Nominal size stated only as 180 mm. GTIN also appears on CS.18.140.4.FG, but product codes and construction differ; not merged."
STX-20261006-043,5757,5758,STX,F.18.140.4.MCX,Full-range,single driver,STX F.18.140.4.MCX product technical data; Parameters/Parametry and Dimensions/Wymiary; accessed 2026-10-06,https://stx.pl/f-18-140-4-mcx.html,https://stx.pl/f-18-140-4-mcx.html,2026-10-06,Polish,Rated / Moc znamionowa (not explicitly AES),50-20000,2.00 V / 1 m,0.12,0.03,0.0133,8,133,4,,,70,new_exact_catalogue_identity,,preliminary_pass,,10 kHz inductance retained only in source sidecar; not the LR-2 Le2 parameter.,Full Polish parameter table; no values borrowed from the 8-ohm model. Rated power (Moc znamionowa) 70 W is not explicitly AES. STX recommends reducing power to 30 W for open-baffle use. Nominal size stated only as 180 mm; Size_in left blank.
STX-20261006-044,5758,5759,STX,W.25.300.8.MC_v2,PA woofer,single driver,STX W.25.300.8.MC_v2 product technical data; Parameters/Parametry and Dimensions/Wymiary; accessed 2026-10-06,https://stx.pl/en/w-25-300-8-mc-v2.html,https://stx.pl/en/w-25-300-8-mc-v2.html,2026-10-06,English,AES (as labelled by STX),,2.83 V / 1 m,0.78,0.32,0.0346,8,346,4,,150,,explicit_revision_of_existing_unversioned_model,,preliminary_pass,,10 kHz inductance retained only in source sidecar; not the LR-2 Le2 parameter.,v2 retained separately from existing unversioned measurement.
STX-20261006-045,5759,5760,STX,W.25.400.8.MCX,PA woofer,single driver,STX W.25.400.8.MCX product technical data; Parameters/Parametry and Dimensions/Wymiary; accessed 2026-10-06,https://stx.pl/en/w-25-400-8-mcx.html,https://stx.pl/en/w-25-400-8-mcx.html,2026-10-06,English,AES (as labelled by STX),,2.83 V / 1 m,0.36,0.08,0.0346,7,346,3.5,,200,,additional_measurement_for_existing_identity,5333,preliminary_pass,,10 kHz inductance retained only in source sidecar; not the LR-2 Le2 parameter.,Published table retained separately from existing imported measurement.
STX-20261006-046,5760,5761,STX,W.30.300.4.MC,PA woofer,single driver,STX W.30.300.4.MC product technical data; Parameters/Parametry and Dimensions/Wymiary; accessed 2026-10-06,https://stx.pl/en/w-30-300-4-mc.html,https://stx.pl/en/w-30-300-4-mc.html,2026-10-06,English,AES (as labelled by STX),,2 V / 1 m,0.45,0.17,0.0490,7,490,3.5,,150,,new_exact_catalogue_identity,,numerical_review,,10 kHz inductance retained only in source sidecar; not the LR-2 Le2 parameter.,
STX-20261006-047,5761,5762,STX,W.30.300.8.MC,PA woofer,single driver,STX W.30.300.8.MC product technical data; Parameters/Parametry and Dimensions/Wymiary; accessed 2026-10-06,https://stx.pl/en/w-30-300-8-mc.html,https://stx.pl/en/w-30-300-8-mc.html,2026-10-06,English,AES (as labelled by STX),,2.83 V / 1 m,0.72,0.31,0.0490,9,490,4.5,,150,,new_exact_catalogue_identity,,preliminary_pass,,10 kHz inductance retained only in source sidecar; not the LR-2 Le2 parameter.,
STX-20261006-048,5762,5763,STX,W.30.500.8.MC v2,PA woofer,single driver,STX W.30.500.8.MC v2 product technical data; Parameters/Parametry and Dimensions/Wymiary; accessed 2026-10-06,https://stx.pl/en/w-30-500-8-mc.html,https://stx.pl/en/w-30-500-8-mc.html,2026-10-06,English,AES (as labelled by STX),,2.83 V / 1 m,0.97,0.39,0.0530,11,530,5.5,,250,,new_exact_catalogue_identity,,numerical_review,,10 kHz inductance retained only in source sidecar; not the LR-2 Le2 parameter.,
STX-20261006-049,5763,5764,STX,W.30.750.8.MCX,PA woofer,single driver,STX W.30.750.8.MCX product technical data; Parameters/Parametry and Dimensions/Wymiary; accessed 2026-10-06,https://stx.pl/en/1641.html,https://stx.pl/en/1641.html,2026-10-06,English,AES (as labelled by STX),,2.83 V / 1 m,0.28,0.11,0.0510,12,510,6,,400,,new_exact_catalogue_identity,,preliminary_pass,,10 kHz inductance retained only in source sidecar; not the LR-2 Le2 parameter.,Several image captions omit X; title and descriptive heading consistently identify MCX.
STX-20261006-050,5764,5765,STX,W.38.500.4.MC,PA woofer,single driver,STX W.38.500.4.MC product technical data; Parameters/Parametry and Dimensions/Wymiary; accessed 2026-10-06,https://stx.pl/en/w-38-500-4-mc.html,https://stx.pl/en/w-38-500-4-mc.html,2026-10-06,English,AES (as labelled by STX),,2 V / 1 m,0.58,0.24,0.0855,10,855,5,,250,,new_exact_catalogue_identity,,numerical_review,,10 kHz inductance retained only in source sidecar; not the LR-2 Le2 parameter.,
STX-20261006-051,5765,5766,STX,W.38.500.8.MC,PA woofer,single driver,STX W.38.500.8.MC product technical data; Parameters/Parametry and Dimensions/Wymiary; accessed 2026-10-06,https://stx.pl/en/w-38-500-8-mc.html,https://stx.pl/en/w-38-500-8-mc.html,2026-10-06,English,AES (as labelled by STX),,2.83 V / 1 m,0.74,0.31,0.0855,10,855,5,,250,,new_exact_catalogue_identity,,numerical_review,,10 kHz inductance retained only in source sidecar; not the LR-2 Le2 parameter.,"Internal descriptive heading says 4-ohm version, but product title, key features and parameter table identify 8 ohm."
STX-20261006-052,5766,5767,STX,W.38.800.4.MC,PA woofer,single driver,STX W.38.800.4.MC product technical data; Parameters/Parametry and Dimensions/Wymiary; accessed 2026-10-06,https://stx.pl/en/w-38-800-4-mc.html,https://stx.pl/en/w-38-800-4-mc.html,2026-10-06,English,AES (as labelled by STX),,2 V / 1 m,2.45,0.87,0.0850,16,850,8,,500,,additional_measurement_for_existing_identity,5338,preliminary_pass,,10 kHz inductance retained only in source sidecar; not the LR-2 Le2 parameter.,Published table retained separately from original imported measurement.
STX-20261006-053,5767,5768,STX,W.38.800.8.MC,PA woofer,single driver,STX W.38.800.8.MC product technical data; Parameters/Parametry and Dimensions/Wymiary; accessed 2026-10-06,https://stx.pl/en/w-38-800-8-mc.html,https://stx.pl/en/w-38-800-8-mc.html,2026-10-06,English,AES (as labelled by STX),,2 V / 1 m,3.68,1.35,0.0850,16,850,8,,500,,additional_measurement_for_existing_identity,5339,preliminary_pass,,10 kHz inductance retained only in source sidecar; not the LR-2 Le2 parameter.,Source explicitly states sensitivity at 2 V for this 8-ohm model; retained without normalization. Current source measurement does not replace the original imported measurement.
STX-20261006-054,5768,5769,STX,W.46.1300.8.MC,PA woofer,single driver,STX W.46.1300.8.MC product technical data; Parameters/Parametry and Dimensions/Wymiary; accessed 2026-10-06,https://stx.pl/en/w-46-1300-8-mc.html,https://stx.pl/en/w-46-1300-8-mc.html,2026-10-06,English,AES (as labelled by STX),,2.83 V / 1 m,5.91,2.35,0.1260,22,1260,11,,700,,additional_measurement_for_existing_identity,5340,preliminary_pass,,10 kHz inductance retained only in source sidecar; not the LR-2 Le2 parameter.,Current source measurement does not replace the original imported measurement.
STX-20261006-055,5769,5770,STX,W.38.1200.8.MC,PA woofer,single driver,STX W.38.1200.8.MC product technical data; Parameters/Parametry and Dimensions/Wymiary; accessed 2026-10-06,https://stx.pl/en/-duplicate-1-duplicate-1.html,https://stx.pl/uploads/images/W.38.1200.8.MC.parametry.jpg,2026-10-06,English,AES (as labelled by STX),,2.83 V / 1 m,2.21,0.91,0.0855,16,855,8,,600,,new_exact_catalogue_identity,,preliminary_pass,,10 kHz inductance retained only in source sidecar; not the LR-2 Le2 parameter.,Technical table is embedded as W.38.1200.8.MC.parametry.jpg; read visually. Manufacturer identifies old name SW.STX.15.4.1200.8.F.S.MC. Table URL https://stx.pl/uploads/images/W.38.1200.8.MC.parametry.jpg
STX-20261006-056,5770,5771,STX,D.9.500.8.TI,Compression driver,single driver,STX D.9.500.8.TI product technical data; Parameters/Parametry and Dimensions/Wymiary; accessed 2026-10-06,https://stx.pl/en/d-9-500-8-ti.html,https://stx.pl/en/d-9-500-8-ti.html,2026-10-06,English,AES (as labelled by STX),,2.83 V / 1 m,,0.12,,1.6,,0.8,1900,50,,new_exact_catalogue_identity,,incomplete,,10 kHz inductance retained only in source sidecar; not the LR-2 Le2 parameter.,"Recommended crossover requires 18 dB/oct; AES rating over 1900-23000 Hz. No Sd, Bl or mass published. 500 W is speaker-system power, not driver AES. Coil text 1.5 inch versus table 35 mm; no coil dimension imported."
STX-20261006-057,5771,5772,STX,D.12.800.8.TI,Compression driver,single driver,STX D.12.800.8.TI product technical data; Parameters/Parametry and Dimensions/Wymiary; accessed 2026-10-06,https://stx.pl/en/d-12-800-8-ti.html,https://stx.pl/en/d-12-800-8-ti.html,2026-10-06,English,AES (as labelled by STX),,2.83 V / 1 m,,0.06,,1.9,,0.95,1600,60,,new_exact_catalogue_identity,,incomplete,,10 kHz inductance retained only in source sidecar; not the LR-2 Le2 parameter.,"Recommended crossover requires 18 dB/oct; AES rating over 1600-23000 Hz. No Sd, Bl or mass published. 800 W is speaker-system power, not driver AES."
STX-20261006-058,5772,5773,STX,D.14.1000.8.TI,Compression driver,single driver,STX D.14.1000.8.TI product technical data; Parameters/Parametry and Dimensions/Wymiary; accessed 2026-10-06,https://stx.pl/en/d-14-1000-8-ti.html,https://stx.pl/en/d-14-1000-8-ti.html,2026-10-06,English,AES (as labelled by STX),,2.83 V / 1 m,,0.07,,2.1,,1.05,1300,80,,new_exact_catalogue_identity,,incomplete,,10 kHz inductance retained only in source sidecar; not the LR-2 Le2 parameter.,"Recommended crossover requires 18 dB/oct; AES rating over 1300-23000 Hz. No Sd, Bl or mass published. 1000 W is speaker-system power, not driver AES."
STX-20261006-059,5773,5774,STX,W.20.300.2x2.MC,Car subwoofer (DVC),series-connected DVC measurement interpretation,STX W.20.300.2x2.MC product technical data; Parameters/Parametry and Dimensions/Wymiary; accessed 2026-10-06,https://stx.pl/en/w-20-300-2x2-mc.html,https://stx.pl/en/w-20-300-2x2-mc.html,2026-10-06,English,AES (as labelled by STX),,2 V / 1 m,2.01,0.97,0.0214,18,214,9,,200,,new_exact_catalogue_identity,,preliminary_pass,,10 kHz inductance retained only in source sidecar; not the LR-2 Le2 parameter. T/S set interpreted for the series connection stated by the sensitivity measurement note; not a parallel/single-coil set.,Nominal coil rating 2x2 ohm; source specifies series coils connection in sensitivity table. Z=4 is combined nominal series impedance; published Re/Bl/Le copied without conversion. Do not use for parallel or single-coil wiring.
STX-20261006-060,5774,5775,STX,W.20.300.2x4.MC,Car subwoofer (DVC),series-connected DVC measurement interpretation,STX W.20.300.2x4.MC product technical data; Parameters/Parametry and Dimensions/Wymiary; accessed 2026-10-06,https://stx.pl/en/w-20-300-2x4-mc.html,https://stx.pl/en/w-20-300-2x4-mc.html,2026-10-06,English,AES (as labelled by STX),,2 V / 1 m,2.49,1.14,0.0214,18,214,9,,200,,new_exact_catalogue_identity,,preliminary_pass,,10 kHz inductance retained only in source sidecar; not the LR-2 Le2 parameter. T/S set interpreted for the series connection stated by the sensitivity measurement note; not a parallel/single-coil set.,Nominal coil rating 2x4 ohm; source specifies series coils connection in sensitivity table. Z=8 is combined nominal series impedance; published Re/Bl/Le copied without conversion. Source explicitly gives 2 V sensitivity; not normalized. Do not use for parallel or single-coil wiring.
STX-20261006-061,5775,5776,STX,W.25.400.2x2.MC,Car subwoofer (DVC),series-connected DVC measurement interpretation,STX W.25.400.2x2.MC product technical data; Parameters/Parametry and Dimensions/Wymiary; accessed 2026-10-06,https://stx.pl/en/w-25-400-2x2-mc.html,https://stx.pl/en/w-25-400-2x2-mc.html,2026-10-06,English,AES (as labelled by STX),,2 V / 1 m,2.11,0.82,0.0315,15,315,7.5,,300,,new_exact_catalogue_identity,,preliminary_pass,,10 kHz inductance retained only in source sidecar; not the LR-2 Le2 parameter. T/S set interpreted for the series connection stated by the sensitivity measurement note; not a parallel/single-coil set.,Nominal coil rating 2x2 ohm; source specifies series coils connection in sensitivity table. Z=4 is combined nominal series impedance; published Re/Bl/Le copied without conversion. Do not use for parallel or single-coil wiring.
STX-20261006-062,5776,5777,STX,W.25.400.2x4.MC,Car subwoofer (DVC),series-connected DVC measurement interpretation,STX W.25.400.2x4.MC product technical data; Parameters/Parametry and Dimensions/Wymiary; accessed 2026-10-06,https://stx.pl/en/w-25-400-2x4-mc.html,https://stx.pl/en/w-25-400-2x4-mc.html,2026-10-06,English,AES (as labelled by STX),,2 V / 1 m,3.15,1.18,0.0315,15,315,7.5,,300,,new_exact_catalogue_identity,,source_or_supplemental_review,source_impedance_conflict;nominal_impedance_unresolved,10 kHz inductance retained only in source sidecar; not the LR-2 Le2 parameter. T/S set interpreted for the series connection stated by the sensitivity measurement note; not a parallel/single-coil set.,"IDENTITY/IMPEDANCE CONFLICT: title and catalogue say 2x4 ohm but features and parameter table say 2x2 ohm. Z left blank pending confirmation. Source states series coils connection. Sensitivity table gives 89 dB while key features say 88 dB. Published Re/Bl/Le are retained, not rewired or inferred."
STX-20261006-063,5777,5778,STX,W.30.500.2x2.MC,Car subwoofer (DVC),series-connected DVC measurement interpretation,STX W.30.500.2x2.MC product technical data; Parameters/Parametry and Dimensions/Wymiary; accessed 2026-10-06,https://stx.pl/en/w-30-500-2x2-mc.html,https://stx.pl/en/w-30-500-2x2-mc.html,2026-10-06,English,AES (as labelled by STX),,2 V / 1 m,2.28,0.91,0.0490,14,490,7,,300,,new_exact_catalogue_identity,,preliminary_pass,,10 kHz inductance retained only in source sidecar; not the LR-2 Le2 parameter. T/S set interpreted for the series connection stated by the sensitivity measurement note; not a parallel/single-coil set.,Nominal coil rating 2x2 ohm; source specifies series coils connection in sensitivity table. Z=4 is combined nominal series impedance; published Re/Bl/Le copied without conversion. Do not use for parallel or single-coil wiring.
STX-20261006-064,5778,5779,STX,W.30.500.2x4.MC,Car subwoofer (DVC),series-connected DVC measurement interpretation,STX W.30.500.2x4.MC product technical data; Parameters/Parametry and Dimensions/Wymiary; accessed 2026-10-06,https://stx.pl/en/w-30-500-2x4-mc.html,https://stx.pl/en/w-30-500-2x4-mc.html,2026-10-06,English,AES (as labelled by STX),,2 V / 1 m,2.85,1.09,0.0490,14,490,7,,300,,new_exact_catalogue_identity,,preliminary_pass,,10 kHz inductance retained only in source sidecar; not the LR-2 Le2 parameter. T/S set interpreted for the series connection stated by the sensitivity measurement note; not a parallel/single-coil set.,Nominal coil rating 2x4 ohm; source specifies series coils connection in sensitivity table. Z=8 is combined nominal series impedance; published Re/Bl/Le copied without conversion. Source explicitly gives 2 V sensitivity; not normalized. Do not use for parallel or single-coil wiring.
STX-20261006-065,5779,5780,STX,T.9.100.8.MS,Dome tweeter,single driver,STX T.9.100.8.MS product technical data; Parameters/Parametry and Dimensions/Wymiary; accessed 2026-10-06,https://stx.pl/en/t-9-100-8-ms.html,https://stx.pl/en/t-9-100-8-ms.html,2026-10-06,English,AES (as labelled by STX),,2.83 V / 1 m,,0.05,,0.5,,0.25,2400,10,,new_exact_catalogue_identity,,incomplete,,10 kHz inductance retained only in source sidecar; not the LR-2 Le2 parameter.,"Recommended crossover requires 12 dB/oct. Nominal size describes front panel, not dome or piston. No Sd, Bl or moving mass published."
STX-20261006-066,5780,5781,STX,T.9.200.8.PC,Dome tweeter,single driver,STX T.9.200.8.PC product technical data; Parameters/Parametry and Dimensions/Wymiary; accessed 2026-10-06,https://stx.pl/en/t-9-200-8-pc.html,https://stx.pl/en/t-9-200-8-pc.html,2026-10-06,English,AES (as labelled by STX),,2.83 V / 1 m,,0.04,,1,,0.5,2900,20,,new_exact_catalogue_identity,,incomplete,,10 kHz inductance retained only in source sidecar; not the LR-2 Le2 parameter.,"Recommended crossover requires 12 dB/oct. Source overall dimensions 90x90 mm; scalar Diameter left blank because panel is square. Nominal 4-inch size describes panel. No Sd, Bl or moving mass published."
STX-20261006-067,5781,5782,STX,T.10.100.8.PC,Dome tweeter,single driver,STX T.10.100.8.PC product technical data; Parameters/Parametry and Dimensions/Wymiary; accessed 2026-10-06,https://stx.pl/en/t-10-100-8-pc.html,https://stx.pl/en/t-10-100-8-pc.html,2026-10-06,English,AES (as labelled by STX),,2.83 V / 1 m,,0.05,,0.5,,0.25,2200,12,,new_exact_catalogue_identity,,incomplete,,10 kHz inductance retained only in source sidecar; not the LR-2 Le2 parameter.,"Recommended crossover requires 12 dB/oct. Source nominal 3.5-inch size describes panel. No Sd, Bl or moving mass published."
STX-20261006-068,5782,5783,STX,T.10.150.4.MS,Dome tweeter,single driver,STX T.10.150.4.MS product technical data; Parameters/Parametry and Dimensions/Wymiary; accessed 2026-10-06,https://stx.pl/en/t-10-150-4-ms.html,https://stx.pl/en/t-10-150-4-ms.html,2026-10-06,English,AES (as labelled by STX),,2 V / 1 m,,0.03,,0.75,,0.375,3000,15,,new_exact_catalogue_identity,,incomplete,,10 kHz inductance retained only in source sidecar; not the LR-2 Le2 parameter.,"Recommended crossover requires 12 dB/oct. Dimension section gives 103.8 mm versus summary 103.7 mm. Nominal size describes panel. No Sd, Bl or moving mass published."
STX-20261006-069,5783,5784,STX,T.10.150.8.MS,Dome tweeter,single driver,STX T.10.150.8.MS product technical data; Parameters/Parametry and Dimensions/Wymiary; accessed 2026-10-06,https://stx.pl/en/t-10-150-8-ms.html,https://stx.pl/en/t-10-150-8-ms.html,2026-10-06,English,AES (as labelled by STX),,2.83 V / 1 m,,0.06,,0.5,,0.25,2800,15,,new_exact_catalogue_identity,,incomplete,,10 kHz inductance retained only in source sidecar; not the LR-2 Le2 parameter.,"Recommended crossover requires 12 dB/oct. Dimension section gives 103.8 mm versus summary 103.7 mm. Nominal size describes panel. No Sd, Bl or moving mass published."
STX-20261006-070,5784,5785,STX,T.10.150.8.MSX,Dome tweeter,single driver,STX T.10.150.8.MSX product technical data; Parameters/Parametry and Dimensions/Wymiary; accessed 2026-10-06,https://stx.pl/en/t-10-150-8-msx.html,https://stx.pl/en/t-10-150-8-msx.html,2026-10-06,English,AES (as labelled by STX),,2.83 V / 1 m,,0.06,,0.5,,0.25,2200,15,,new_exact_catalogue_identity,,incomplete,,10 kHz inductance retained only in source sidecar; not the LR-2 Le2 parameter.,"Recommended crossover requires 12 dB/oct. Nominal size describes panel. No Sd, Bl or moving mass published."
STX-20261006-071,5785,5786,STX,T.10.200.8.PC,Dome tweeter,single driver,STX T.10.200.8.PC product technical data; Parameters/Parametry and Dimensions/Wymiary; accessed 2026-10-06,https://stx.pl/en/t-10-200-8-pc.html,https://stx.pl/en/t-10-200-8-pc.html,2026-10-06,English,AES (as labelled by STX),,2.83 V / 1 m,,0.04,,1,,0.5,2900,20,,new_exact_catalogue_identity,,incomplete,,10 kHz inductance retained only in source sidecar; not the LR-2 Le2 parameter.,"Recommended crossover requires 12 dB/oct. Nominal size describes panel. No Sd, Bl or moving mass published."
STX-20261006-072,5786,5787,STX,T.10.200.8.PCX,Dome tweeter,single driver,STX T.10.200.8.PCX product technical data; Parameters/Parametry and Dimensions/Wymiary; accessed 2026-10-06,https://stx.pl/en/t-10-200-8-pcx.html,https://stx.pl/en/t-10-200-8-pcx.html,2026-10-06,English,AES (as labelled by STX),,2.83 V / 1 m,,0.02,,0.6,,0.3,2000,25,,new_exact_catalogue_identity,,incomplete,,10 kHz inductance retained only in source sidecar; not the LR-2 Le2 parameter.,"Recommended crossover requires 18 dB/oct. Nominal size describes panel. No Sd, Bl or moving mass published."
STX-20261006-073,5787,5788,STX,T.10.200.8.MSX,Dome tweeter,single driver,STX T.10.200.8.MSX product technical data; Parameters/Parametry and Dimensions/Wymiary; accessed 2026-10-06,https://stx.pl/en/t-10-200-8-msx.html,https://stx.pl/en/t-10-200-8-msx.html,2026-10-06,English,AES (as labelled by STX),,2.83 V / 1 m,,0.06,,0.5,,0.25,2200,20,,new_exact_catalogue_identity,,incomplete,,10 kHz inductance retained only in source sidecar; not the LR-2 Le2 parameter.,"Recommended crossover requires 12 dB/oct. Nominal size describes panel. No Sd, Bl or moving mass published."
STX-20261006-074,5788,5789,STX,T.10.250.8.PCX,Dome tweeter,single driver,STX T.10.250.8.PCX product technical data; Parameters/Parametry and Dimensions/Wymiary; accessed 2026-10-06,https://stx.pl/en/t-10-250-8-pcx.html,https://stx.pl/en/t-10-250-8-pcx.html,2026-10-06,English,AES (as labelled by STX),,2.83 V / 1 m,,0.01,,0.8,,0.4,2000,25,,new_exact_catalogue_identity,,incomplete,,10 kHz inductance retained only in source sidecar; not the LR-2 Le2 parameter.,"Recommended crossover requires 18 dB/oct. Parameter table and catalogue agree on Fs 740 Hz; stray footer says 1050 Hz. Nominal size describes panel. No Sd, Bl or moving mass published."
STX-20261006-075,5789,5790,STX,T.10.200.8.ALX,Dome tweeter,single driver,STX T.10.200.8.ALX product technical data; Parameters/Parametry and Dimensions/Wymiary; accessed 2026-10-06,https://stx.pl/en/t-10-200-8-alx.html,https://stx.pl/en/t-10-200-8-alx.html,2026-10-06,English,AES (as labelled by STX),,2.83 V / 1 m,,0.025,,0.6,,0.3,2000,25,,new_exact_catalogue_identity,,incomplete,,10 kHz inductance retained only in source sidecar; not the LR-2 Le2 parameter.,"Recommended crossover requires 18 dB/oct. Parameter table and catalogue agree on Fs 700 Hz and sensitivity 90 dB; stray footer says 1050 Hz and 92 dB. Nominal size describes panel. No Sd, Bl or moving mass published."
STX-20261006-076,5790,5791,STX,T.10.250.8.PC,Waveguide dome tweeter,single driver,STX T.10.250.8.PC product technical data; Parameters/Parametry and Dimensions/Wymiary; accessed 2026-10-06,https://stx.pl/t-10-250-8-pc.html,https://stx.pl/t-10-250-8-pc.html,2026-10-06,Polish,Rated / Moc znamionowa (not explicitly AES),2800-23000,2.83 V / 1 m,,0.04,,1,,0.5,2800,,25,new_exact_catalogue_identity,,incomplete,,10 kHz inductance retained only in source sidecar; not the LR-2 Le2 parameter.,"Polish parameter table provides additional data absent from English page. Rated power (Moc znamionowa) 25 W over 2800-23000 Hz; not explicitly identified as AES. Recommended crossover 2800 Hz / 12 dB/oct. No Sd, Bl or moving mass published. Coil 25 mm is not throat diameter."
STX-20261006-077,5791,5792,STX,T.10.800.8.AL,Compression tweeter,single driver,STX T.10.800.8.AL product technical data; Parameters/Parametry and Dimensions/Wymiary; accessed 2026-10-06,https://stx.pl/en/t-10-800-8-al.html,https://stx.pl/en/t-10-800-8-al.html,2026-10-06,English,AES (as labelled by STX),,2.83 V / 1 m,,0.15,,1.5,,0.75,4900,30,,new_exact_catalogue_identity,,incomplete,,10 kHz inductance retained only in source sidecar; not the LR-2 Le2 parameter.,"Recommended crossover requires 18 dB/oct. Integral compression tweeter, not a bare 1-inch-exit driver; no throat inferred from coil dimension. Nominal size describes panel. No Sd, Bl or moving mass published."
STX-20261006-078,5792,5793,STX,T.9.250.8.PH,Compression tweeter,single driver,STX T.9.250.8.PH product technical data; Parameters/Parametry and Dimensions/Wymiary; accessed 2026-10-06,https://stx.pl/en/t-9-250-8-ph.html,https://stx.pl/en/t-9-250-8-ph.html,2026-10-06,English,AES (as labelled by STX),,2.83 V / 1 m,,0.06,,1.1,,0.55,2500,18,,new_exact_catalogue_identity,,incomplete,,10 kHz inductance retained only in source sidecar; not the LR-2 Le2 parameter.,"Recommended crossover requires 18 dB/oct. Integral horn dimensions 87x87 mm; scalar Diameter left blank. No throat inferred from 25 mm coil. No Sd, Bl or moving mass published."
STX-20261006-079,5793,5794,STX,T.18.250.8.PH,Compression tweeter,single driver,STX T.18.250.8.PH product technical data; Parameters/Parametry and Dimensions/Wymiary; accessed 2026-10-06,https://stx.pl/en/t-18-250-8-ph.html,https://stx.pl/en/t-18-250-8-ph.html,2026-10-06,English,AES (as labelled by STX),,2.83 V / 1 m,,0.06,,1.1,,0.55,2500,18,,new_exact_catalogue_identity,,incomplete,,10 kHz inductance retained only in source sidecar; not the LR-2 Le2 parameter.,"Recommended crossover requires 18 dB/oct. Integral horn dimensions 188x78 mm; scalar Diameter left blank. No throat inferred from 25 mm coil. No Sd, Bl or moving mass published."
STX-20261006-080,5794,5795,STX,CS.18.140.4.FG,Ceiling two-way assembly,integrated two-way assembly,STX CS.18.140.4.FG product technical data; Parameters/Parametry and Dimensions/Wymiary; accessed 2026-10-06,https://stx.pl/cs-18-140-4-fg.html,https://stx.pl/cs-18-140-4-fg.html,2026-10-06,Polish,Rated / Moc znamionowa (not explicitly AES),90-20000,2.00 V / 1 m,,,0.0133,6,133,3,,,70,new_exact_catalogue_identity,,incomplete,assembly_not_single_driver,,"Two-way coaxial ceiling assembly with integrated crossover, not an independently specified single driver. Polish page gives limited T/S, but no Bl, Mms, Cms or Vas. Rated power (Moc znamionowa) 70 W is not explicitly AES; 140 W is music power. STX recommends 30 W for open-baffle use. No separate LF/HF electrical model is supplied; not solver-ready. GTIN is shared with F.18.140.4.WMCX but product codes and construction differ; not merged."
