row_id,manufacturer,model,Z_ohm,parameter,original_value,corrected_value,change_type,source_document,source_url
ddfd14bd3f9b37bb0579aeea,Celestion,FTX0820,8,Sd_cm2,227.1,226.98,replace,Celestion FTX0820 8-ohm LF section; technical parameter table; accessed 2026-10-06,https://celestion.com/product/ftx0820/
ddfd14bd3f9b37bb0579aeea,Celestion,FTX0820,8,Bl_Tm,14.4,14.56,replace,Celestion FTX0820 8-ohm LF section; technical parameter table; accessed 2026-10-06,https://celestion.com/product/ftx0820/
ddfd14bd3f9b37bb0579aeea,Celestion,FTX0820,8,Re_ohm,5.9,5.85,replace,Celestion FTX0820 8-ohm LF section; technical parameter table; accessed 2026-10-06,https://celestion.com/product/ftx0820/
ddfd14bd3f9b37bb0579aeea,Celestion,FTX0820,8,Le_mH,0.84,0.62,replace,Celestion FTX0820 8-ohm LF section; technical parameter table; accessed 2026-10-06,https://celestion.com/product/ftx0820/
ddfd14bd3f9b37bb0579aeea,Celestion,FTX0820,8,Mms_g,21.12,22.66,replace,Celestion FTX0820 8-ohm LF section; technical parameter table; accessed 2026-10-06,https://celestion.com/product/ftx0820/
ddfd14bd3f9b37bb0579aeea,Celestion,FTX0820,8,Vas_L,21.23763494,13.13,replace,Celestion FTX0820 8-ohm LF section; technical parameter table; accessed 2026-10-06,https://celestion.com/product/ftx0820/
ddfd14bd3f9b37bb0579aeea,Celestion,FTX0820,8,Qms,4.7,2.8,replace,Celestion FTX0820 8-ohm LF section; technical parameter table; accessed 2026-10-06,https://celestion.com/product/ftx0820/
ddfd14bd3f9b37bb0579aeea,Celestion,FTX0820,8,Qes,0.242,0.31,replace,Celestion FTX0820 8-ohm LF section; technical parameter table; accessed 2026-10-06,https://celestion.com/product/ftx0820/
ddfd14bd3f9b37bb0579aeea,Celestion,FTX0820,8,Qts,0.231,0.279,replace,Celestion FTX0820 8-ohm LF section; technical parameter table; accessed 2026-10-06,https://celestion.com/product/ftx0820/
ddfd14bd3f9b37bb0579aeea,Celestion,FTX0820,8,Cms_mm_per_N,0.238,0.18,replace,Celestion FTX0820 8-ohm LF section; technical parameter table; accessed 2026-10-06,https://celestion.com/product/ftx0820/
ddfd14bd3f9b37bb0579aeea,Celestion,FTX0820,8,Rms_kg_per_s,,4.01,fill_missing,Celestion FTX0820 8-ohm LF section; technical parameter table; accessed 2026-10-06,https://celestion.com/product/ftx0820/
ddfd14bd3f9b37bb0579aeea,Celestion,FTX0820,8,Xmax_mm,2,4,replace,Celestion FTX0820 8-ohm LF section; technical parameter table; accessed 2026-10-06,https://celestion.com/product/ftx0820/
ddfd14bd3f9b37bb0579aeea,Celestion,FTX0820,8,Sensitivity_dB,,94,fill_missing,Celestion FTX0820 8-ohm LF section; technical parameter table; accessed 2026-10-06,https://celestion.com/product/ftx0820/
ddfd14bd3f9b37bb0579aeea,Celestion,FTX0820,8,Freq_low_Hz,,70,fill_missing,Celestion FTX0820 8-ohm LF section; technical parameter table; accessed 2026-10-06,https://celestion.com/product/ftx0820/
f44c78160402477a8b11241f,Celestion,Truvox 0820,8,Diameter_mm,,208.5,fill_missing,Celestion Truvox 0820 8-ohm technical data; technical parameter table; accessed 2026-10-06,https://celestion.com/product/truvox-0820/
f44c78160402477a8b11241f,Celestion,Truvox 0820,8,Bl_Tm,1.51,11.51,replace,Celestion Truvox 0820 8-ohm technical data; technical parameter table; accessed 2026-10-06,https://celestion.com/product/truvox-0820/
f44c78160402477a8b11241f,Celestion,Truvox 0820,8,Vas_L,17.27327642,17.25,replace,Celestion Truvox 0820 8-ohm technical data; technical parameter table; accessed 2026-10-06,https://celestion.com/product/truvox-0820/
f44c78160402477a8b11241f,Celestion,Truvox 0820,8,Rms_kg_per_s,,1.5,fill_missing,Celestion Truvox 0820 8-ohm technical data; technical parameter table; accessed 2026-10-06,https://celestion.com/product/truvox-0820/
f44c78160402477a8b11241f,Celestion,Truvox 0820,8,Sensitivity_dB,,96,fill_missing,Celestion Truvox 0820 8-ohm technical data; technical parameter table; accessed 2026-10-06,https://celestion.com/product/truvox-0820/
f44c78160402477a8b11241f,Celestion,Truvox 0820,8,Freq_low_Hz,,70,fill_missing,Celestion Truvox 0820 8-ohm technical data; technical parameter table; accessed 2026-10-06,https://celestion.com/product/truvox-0820/
2b393ac7a4954373b9529321,Dayton Audio,CE54N-4,4,Size_in,,2,fill_missing,"Dayton Audio CE54N-4 specification sheet; page 1, technical parameters; accessed 2026-10-06",https://www.daytonaudio.com/images/resources/285-167--dayton-audio-ce54n-4-specification-sheet.pdf
2b393ac7a4954373b9529321,Dayton Audio,CE54N-4,4,Vas_L,0.08495053978,0.111,replace,"Dayton Audio CE54N-4 specification sheet; page 1, technical parameters; accessed 2026-10-06",https://www.daytonaudio.com/images/resources/285-167--dayton-audio-ce54n-4-specification-sheet.pdf
2b393ac7a4954373b9529321,Dayton Audio,CE54N-4,4,Sensitivity_dB,,84,fill_missing,"Dayton Audio CE54N-4 specification sheet; page 1, technical parameters; accessed 2026-10-06",https://www.daytonaudio.com/images/resources/285-167--dayton-audio-ce54n-4-specification-sheet.pdf
2b393ac7a4954373b9529321,Dayton Audio,CE54N-4,4,Freq_low_Hz,,150,fill_missing,"Dayton Audio CE54N-4 specification sheet; page 1, technical parameters; accessed 2026-10-06",https://www.daytonaudio.com/images/resources/285-167--dayton-audio-ce54n-4-specification-sheet.pdf
794249e5d4bae8938d9267d0,Dayton Audio,HARB252-8,8,Sd_cm2,21.03,21.2,replace,Dayton Audio HARB252-8 product specifications; technical parameter table; accessed 2026-10-06,https://www.daytonaudio.com/product/1282/harb252-8-1-x-5-dual-motor-high-aspect-ratio-bmt-8-ohms
794249e5d4bae8938d9267d0,Dayton Audio,HARB252-8,8,Bl_Tm,3.039,3.04,replace,Dayton Audio HARB252-8 product specifications; technical parameter table; accessed 2026-10-06,https://www.daytonaudio.com/product/1282/harb252-8-1-x-5-dual-motor-high-aspect-ratio-bmt-8-ohms
794249e5d4bae8938d9267d0,Dayton Audio,HARB252-8,8,Mms_g,3.24,3.2,replace,Dayton Audio HARB252-8 product specifications; technical parameter table; accessed 2026-10-06,https://www.daytonaudio.com/product/1282/harb252-8-1-x-5-dual-motor-high-aspect-ratio-bmt-8-ohms
794249e5d4bae8938d9267d0,Dayton Audio,HARB252-8,8,Vas_L,0.2831684659,0.19,replace,Dayton Audio HARB252-8 product specifications; technical parameter table; accessed 2026-10-06,https://www.daytonaudio.com/product/1282/harb252-8-1-x-5-dual-motor-high-aspect-ratio-bmt-8-ohms
794249e5d4bae8938d9267d0,Dayton Audio,HARB252-8,8,Cms_mm_per_N,0.305,0.3,replace,Dayton Audio HARB252-8 product specifications; technical parameter table; accessed 2026-10-06,https://www.daytonaudio.com/product/1282/harb252-8-1-x-5-dual-motor-high-aspect-ratio-bmt-8-ohms
794249e5d4bae8938d9267d0,Dayton Audio,HARB252-8,8,Xmax_mm,1.25,1.3,replace,Dayton Audio HARB252-8 product specifications; technical parameter table; accessed 2026-10-06,https://www.daytonaudio.com/product/1282/harb252-8-1-x-5-dual-motor-high-aspect-ratio-bmt-8-ohms
794249e5d4bae8938d9267d0,Dayton Audio,HARB252-8,8,Sensitivity_dB,,77,fill_missing,Dayton Audio HARB252-8 product specifications; technical parameter table; accessed 2026-10-06,https://www.daytonaudio.com/product/1282/harb252-8-1-x-5-dual-motor-high-aspect-ratio-bmt-8-ohms
794249e5d4bae8938d9267d0,Dayton Audio,HARB252-8,8,Freq_low_Hz,,150,fill_missing,Dayton Audio HARB252-8 product specifications; technical parameter table; accessed 2026-10-06,https://www.daytonaudio.com/product/1282/harb252-8-1-x-5-dual-motor-high-aspect-ratio-bmt-8-ohms
14de91c4979d53eb631a3fe5,Dayton Audio,RS125P,4.0,Diameter_mm,,125.5,fill_missing,Dayton Audio RS125P-4 product specifications; technical parameter table; accessed 2026-10-06,https://www.daytonaudio.com/product/1223/rs125p-4-5-reference-paper-woofer-4-ohm
14de91c4979d53eb631a3fe5,Dayton Audio,RS125P,4.0,Sd_cm2,52.8,54.11,replace,Dayton Audio RS125P-4 product specifications; technical parameter table; accessed 2026-10-06,https://www.daytonaudio.com/product/1223/rs125p-4-5-reference-paper-woofer-4-ohm
14de91c4979d53eb631a3fe5,Dayton Audio,RS125P,4.0,Bl_Tm,5.08,3.49,replace,Dayton Audio RS125P-4 product specifications; technical parameter table; accessed 2026-10-06,https://www.daytonaudio.com/product/1223/rs125p-4-5-reference-paper-woofer-4-ohm
14de91c4979d53eb631a3fe5,Dayton Audio,RS125P,4.0,Freq_low_Hz,,70,fill_missing,Dayton Audio RS125P-4 product specifications; technical parameter table; accessed 2026-10-06,https://www.daytonaudio.com/product/1223/rs125p-4-5-reference-paper-woofer-4-ohm
444bf4aabda9e85f1d05b424,Faital Pro,15FH520,4.0,Diameter_mm,,393,fill_missing,"FaitalPRO 15FH520 4-ohm, P/N 03804183; technical parameter table; accessed 2026-10-06",https://faitalpro.com/en/products/LF_Loudspeakers/product_details/index.php?id=151060152
444bf4aabda9e85f1d05b424,Faital Pro,15FH520,4.0,Mmd_g,,86.8,fill_missing,"FaitalPRO 15FH520 4-ohm, P/N 03804183; technical parameter table; accessed 2026-10-06",https://faitalpro.com/en/products/LF_Loudspeakers/product_details/index.php?id=151060152
444bf4aabda9e85f1d05b424,Faital Pro,15FH520,4.0,Cms_mm_per_N,0.19,0.15,replace,"FaitalPRO 15FH520 4-ohm, P/N 03804183; technical parameter table; accessed 2026-10-06",https://faitalpro.com/en/products/LF_Loudspeakers/product_details/index.php?id=151060152
444bf4aabda9e85f1d05b424,Faital Pro,15FH520,4.0,Rms_kg_per_s,2.4,3,replace,"FaitalPRO 15FH520 4-ohm, P/N 03804183; technical parameter table; accessed 2026-10-06",https://faitalpro.com/en/products/LF_Loudspeakers/product_details/index.php?id=151060152
444bf4aabda9e85f1d05b424,Faital Pro,15FH520,4.0,Freq_low_Hz,,40,fill_missing,"FaitalPRO 15FH520 4-ohm, P/N 03804183; technical parameter table; accessed 2026-10-06",https://faitalpro.com/en/products/LF_Loudspeakers/product_details/index.php?id=151060152
8b294dbd1314aba046977cea,SB Acoustics,MW19PNW,4.0,Size_in,,7.5,fill_missing,SB Acoustics SATORI MW19PNW-4 technical data; technical parameter table; accessed 2026-10-06,https://sbacoustics.com/product/7%C2%BDin-satori-mw19pnw-4/
8b294dbd1314aba046977cea,SB Acoustics,MW19PNW,4.0,Mms_g,16.7,17.4,replace,SB Acoustics SATORI MW19PNW-4 technical data; technical parameter table; accessed 2026-10-06,https://sbacoustics.com/product/7%C2%BDin-satori-mw19pnw-4/
8b294dbd1314aba046977cea,SB Acoustics,MW19PNW,4.0,Fs_Hz,32,29,replace,SB Acoustics SATORI MW19PNW-4 technical data; technical parameter table; accessed 2026-10-06,https://sbacoustics.com/product/7%C2%BDin-satori-mw19pnw-4/
8b294dbd1314aba046977cea,SB Acoustics,MW19PNW,4.0,Vas_L,,61,fill_missing,SB Acoustics SATORI MW19PNW-4 technical data; technical parameter table; accessed 2026-10-06,https://sbacoustics.com/product/7%C2%BDin-satori-mw19pnw-4/
8b294dbd1314aba046977cea,SB Acoustics,MW19PNW,4.0,Qms,4.06,4.53,replace,SB Acoustics SATORI MW19PNW-4 technical data; technical parameter table; accessed 2026-10-06,https://sbacoustics.com/product/7%C2%BDin-satori-mw19pnw-4/
8b294dbd1314aba046977cea,SB Acoustics,MW19PNW,4.0,Qes,0.22,0.26,replace,SB Acoustics SATORI MW19PNW-4 technical data; technical parameter table; accessed 2026-10-06,https://sbacoustics.com/product/7%C2%BDin-satori-mw19pnw-4/
8b294dbd1314aba046977cea,SB Acoustics,MW19PNW,4.0,Qts,0.21,0.24,replace,SB Acoustics SATORI MW19PNW-4 technical data; technical parameter table; accessed 2026-10-06,https://sbacoustics.com/product/7%C2%BDin-satori-mw19pnw-4/
8b294dbd1314aba046977cea,SB Acoustics,MW19PNW,4.0,Cms_mm_per_N,,1.73,fill_missing,SB Acoustics SATORI MW19PNW-4 technical data; technical parameter table; accessed 2026-10-06,https://sbacoustics.com/product/7%C2%BDin-satori-mw19pnw-4/
8b294dbd1314aba046977cea,SB Acoustics,MW19PNW,4.0,Rms_kg_per_s,,0.7,fill_missing,SB Acoustics SATORI MW19PNW-4 technical data; technical parameter table; accessed 2026-10-06,https://sbacoustics.com/product/7%C2%BDin-satori-mw19pnw-4/
8b294dbd1314aba046977cea,SB Acoustics,MW19PNW,4.0,Sensitivity_dB,91,91.5,replace,SB Acoustics SATORI MW19PNW-4 technical data; technical parameter table; accessed 2026-10-06,https://sbacoustics.com/product/7%C2%BDin-satori-mw19pnw-4/
043448a93fbfdbe61384513f,SB Acoustics,SB13PFCR25,8.0,Size_in,,5,fill_missing,SB Acoustics SB13PFCR25-8 technical data; technical parameter table; accessed 2026-10-06,https://sbacoustics.com/product/5-sb13pfcr25-8-paper/
043448a93fbfdbe61384513f,SB Acoustics,SB13PFCR25,8.0,Re_ohm,3.2,5.6,replace,SB Acoustics SB13PFCR25-8 technical data; technical parameter table; accessed 2026-10-06,https://sbacoustics.com/product/5-sb13pfcr25-8-paper/
8db2e932d631fe4e9232818b,SB Acoustics,SB15BAC30-8-COAX,8,Size_in,,5,fill_missing,SB Acoustics SB15BAC30-8-COAX LF table; technical parameter table; accessed 2026-10-06,https://sbacoustics.com/product/sb15bac30-8-coax/
8db2e932d631fe4e9232818b,SB Acoustics,SB15BAC30-8-COAX,8,Re_ohm,3.8,5.7,replace,SB Acoustics SB15BAC30-8-COAX LF table; technical parameter table; accessed 2026-10-06,https://sbacoustics.com/product/sb15bac30-8-coax/
8db2e932d631fe4e9232818b,SB Acoustics,SB15BAC30-8-COAX,8,Xmax_mm,6,3,replace,SB Acoustics SB15BAC30-8-COAX LF table; technical parameter table; accessed 2026-10-06,https://sbacoustics.com/product/sb15bac30-8-coax/
8db2e932d631fe4e9232818b,SB Acoustics,SB15BAC30-8-COAX,8,Power_W,,40,fill_missing,SB Acoustics SB15BAC30-8-COAX LF table; technical parameter table; accessed 2026-10-06,https://sbacoustics.com/product/sb15bac30-8-coax/
20d3f116134c706ce91d02ae,Tang Band,W3-2141,8,Sd_cm2,32.09,32,replace,Tang Band W3-2141 8-ohm technical data; technical parameter table; accessed 2026-10-06,https://www.tb-speaker.com/products/w3-2141
20d3f116134c706ce91d02ae,Tang Band,W3-2141,8,Mms_g,1996,1.996,replace,Tang Band W3-2141 8-ohm technical data; technical parameter table; accessed 2026-10-06,https://www.tb-speaker.com/products/w3-2141
20d3f116134c706ce91d02ae,Tang Band,W3-2141,8,Vas_L,,3.3,fill_missing,Tang Band W3-2141 8-ohm technical data; technical parameter table; accessed 2026-10-06,https://www.tb-speaker.com/products/w3-2141
20d3f116134c706ce91d02ae,Tang Band,W3-2141,8,Cms_mm_per_N,,2.269,fill_missing,Tang Band W3-2141 8-ohm technical data; technical parameter table; accessed 2026-10-06,https://www.tb-speaker.com/products/w3-2141
20d3f116134c706ce91d02ae,Tang Band,W3-2141,8,Xmax_mm,0.5,1.6,replace,Tang Band W3-2141 8-ohm technical data; technical parameter table; accessed 2026-10-06,https://www.tb-speaker.com/products/w3-2141
20d3f116134c706ce91d02ae,Tang Band,W3-2141,8,Power_W,25,12,replace,Tang Band W3-2141 8-ohm technical data; technical parameter table; accessed 2026-10-06,https://www.tb-speaker.com/products/w3-2141
20d3f116134c706ce91d02ae,Tang Band,W3-2141,8,Freq_low_Hz,,75,fill_missing,Tang Band W3-2141 8-ohm technical data; technical parameter table; accessed 2026-10-06,https://www.tb-speaker.com/products/w3-2141
625b0327e6a96145d62c7043,Visaton,AL 170,8,Vas_L,1.132673864,34,replace,"Visaton AL 170 8-ohm, article 1302; technical parameter table; accessed 2026-10-06",https://www.visaton.de/en/products/drivers/woofers/al-170-8-ohm
625b0327e6a96145d62c7043,Visaton,AL 170,8,Sensitivity_dB,,88,fill_missing,"Visaton AL 170 8-ohm, article 1302; technical parameter table; accessed 2026-10-06",https://www.visaton.de/en/products/drivers/woofers/al-170-8-ohm
a2710d4f371c548c2e4c47dc,Visaton,FR 8 WP-4,4,Size_in,3,3.3,replace,"Visaton FR 8 WP 4-ohm white, article 2128; technical parameter table; accessed 2026-10-06",https://www.visaton.de/en/products/drivers/fullrange-systems/fr-8-wp-4-ohm-white
a2710d4f371c548c2e4c47dc,Visaton,FR 8 WP-4,4,Vas_L,11.6099071,0.4,replace,"Visaton FR 8 WP 4-ohm white, article 2128; technical parameter table; accessed 2026-10-06",https://www.visaton.de/en/products/drivers/fullrange-systems/fr-8-wp-4-ohm-white
a2710d4f371c548c2e4c47dc,Visaton,FR 8 WP-4,4,Sensitivity_dB,,84,fill_missing,"Visaton FR 8 WP 4-ohm white, article 2128; technical parameter table; accessed 2026-10-06",https://www.visaton.de/en/products/drivers/fullrange-systems/fr-8-wp-4-ohm-white
a2710d4f371c548c2e4c47dc,Visaton,FR 8 WP-4,4,Freq_low_Hz,,100,fill_missing,"Visaton FR 8 WP 4-ohm white, article 2128; technical parameter table; accessed 2026-10-06",https://www.visaton.de/en/products/drivers/fullrange-systems/fr-8-wp-4-ohm-white
1558ea22c8fd10936dd3fdf3,Visaton,FRS8,8.0,Size_in,3,3.3,replace,"Visaton FRS 8 8-ohm, article 2004; technical parameter table; accessed 2026-10-06",https://www.visaton.de/en/products/drivers/fullrange-systems/frs-8-8-ohm
1558ea22c8fd10936dd3fdf3,Visaton,FRS8,8.0,Re_ohm,3.5,7.2,replace,"Visaton FRS 8 8-ohm, article 2004; technical parameter table; accessed 2026-10-06",https://www.visaton.de/en/products/drivers/fullrange-systems/frs-8-8-ohm
1558ea22c8fd10936dd3fdf3,Visaton,FRS8,8.0,Le_mH,0.4,0.9,replace,"Visaton FRS 8 8-ohm, article 2004; technical parameter table; accessed 2026-10-06",https://www.visaton.de/en/products/drivers/fullrange-systems/frs-8-8-ohm
1558ea22c8fd10936dd3fdf3,Visaton,FRS8,8.0,Fs_Hz,115,120,replace,"Visaton FRS 8 8-ohm, article 2004; technical parameter table; accessed 2026-10-06",https://www.visaton.de/en/products/drivers/fullrange-systems/frs-8-8-ohm
1558ea22c8fd10936dd3fdf3,Visaton,FRS8,8.0,Vas_L,1.1,0.9,replace,"Visaton FRS 8 8-ohm, article 2004; technical parameter table; accessed 2026-10-06",https://www.visaton.de/en/products/drivers/fullrange-systems/frs-8-8-ohm
1558ea22c8fd10936dd3fdf3,Visaton,FRS8,8.0,Qms,3.61,4.85,replace,"Visaton FRS 8 8-ohm, article 2004; technical parameter table; accessed 2026-10-06",https://www.visaton.de/en/products/drivers/fullrange-systems/frs-8-8-ohm
1558ea22c8fd10936dd3fdf3,Visaton,FRS8,8.0,Qes,0.85,1.32,replace,"Visaton FRS 8 8-ohm, article 2004; technical parameter table; accessed 2026-10-06",https://www.visaton.de/en/products/drivers/fullrange-systems/frs-8-8-ohm
1558ea22c8fd10936dd3fdf3,Visaton,FRS8,8.0,Qts,0.69,1.04,replace,"Visaton FRS 8 8-ohm, article 2004; technical parameter table; accessed 2026-10-06",https://www.visaton.de/en/products/drivers/fullrange-systems/frs-8-8-ohm
1558ea22c8fd10936dd3fdf3,Visaton,FRS8,8.0,Freq_low_Hz,,100,fill_missing,"Visaton FRS 8 8-ohm, article 2004; technical parameter table; accessed 2026-10-06",https://www.visaton.de/en/products/drivers/fullrange-systems/frs-8-8-ohm
270cfddd38fdbe0377632a0d,Visaton,GF200,2,Size_in,,8,fill_missing,"Visaton GF 200 2 x 4-ohm, article 1330, connection 3; technical parameter table; accessed 2026-10-06",https://www.visaton.de/en/products/drivers/woofers/gf-200-2-x-4-ohm
270cfddd38fdbe0377632a0d,Visaton,GF200,2,Fs_Hz,30,35,replace,"Visaton GF 200 2 x 4-ohm, article 1330, connection 3; technical parameter table; accessed 2026-10-06",https://www.visaton.de/en/products/drivers/woofers/gf-200-2-x-4-ohm
270cfddd38fdbe0377632a0d,Visaton,GF200,2,Qms,4.12,4.33,replace,"Visaton GF 200 2 x 4-ohm, article 1330, connection 3; technical parameter table; accessed 2026-10-06",https://www.visaton.de/en/products/drivers/woofers/gf-200-2-x-4-ohm
270cfddd38fdbe0377632a0d,Visaton,GF200,2,Qes,0.37,0.44,replace,"Visaton GF 200 2 x 4-ohm, article 1330, connection 3; technical parameter table; accessed 2026-10-06",https://www.visaton.de/en/products/drivers/woofers/gf-200-2-x-4-ohm
270cfddd38fdbe0377632a0d,Visaton,GF200,2,Qts,0.77,0.39,replace,"Visaton GF 200 2 x 4-ohm, article 1330, connection 3; technical parameter table; accessed 2026-10-06",https://www.visaton.de/en/products/drivers/woofers/gf-200-2-x-4-ohm
4c6a07e540c99362f4c289e4,Visaton,W130X,4,Size_in,,5,fill_missing,"Visaton W 130 X 2 x 4-ohm, article 9059, single-coil set; technical parameter table; accessed 2026-10-06",https://www.visaton.de/en/products/drivers/woofers/w-130-x-2-x-4-ohm
4c6a07e540c99362f4c289e4,Visaton,W130X,4,Re_ohm,2,3.8,replace,"Visaton W 130 X 2 x 4-ohm, article 9059, single-coil set; technical parameter table; accessed 2026-10-06",https://www.visaton.de/en/products/drivers/woofers/w-130-x-2-x-4-ohm
4c6a07e540c99362f4c289e4,Visaton,W130X,4,Le_mH,0.69,0.77,replace,"Visaton W 130 X 2 x 4-ohm, article 9059, single-coil set; technical parameter table; accessed 2026-10-06",https://www.visaton.de/en/products/drivers/woofers/w-130-x-2-x-4-ohm
4c6a07e540c99362f4c289e4,Visaton,W130X,4,Qes,0.41,0.86,replace,"Visaton W 130 X 2 x 4-ohm, article 9059, single-coil set; technical parameter table; accessed 2026-10-06",https://www.visaton.de/en/products/drivers/woofers/w-130-x-2-x-4-ohm
4c6a07e540c99362f4c289e4,Visaton,W130X,4,Xmax_mm,3,5.8,replace,"Visaton W 130 X 2 x 4-ohm, article 9059, single-coil set; technical parameter table; accessed 2026-10-06",https://www.visaton.de/en/products/drivers/woofers/w-130-x-2-x-4-ohm
b1a65b78dac3073affd82e7d,Wavecor,SW215WA01,4,Size_in,9,8.5,replace,"Wavecor SW215WA01/02, SW215WA01 4-ohm before-burn-in column; page updated 2025-03-12; technical parameter table; accessed 2026-10-06",https://www.wavecor.com/html/sw215wa01_02.html
b1a65b78dac3073affd82e7d,Wavecor,SW215WA01,4,Vas_L,26.05149886,26,replace,"Wavecor SW215WA01/02, SW215WA01 4-ohm before-burn-in column; page updated 2025-03-12; technical parameter table; accessed 2026-10-06",https://www.wavecor.com/html/sw215wa01_02.html
b1a65b78dac3073affd82e7d,Wavecor,SW215WA01,4,Cms_mm_per_N,0.54,0.43,replace,"Wavecor SW215WA01/02, SW215WA01 4-ohm before-burn-in column; page updated 2025-03-12; technical parameter table; accessed 2026-10-06",https://www.wavecor.com/html/sw215wa01_02.html
b1a65b78dac3073affd82e7d,Wavecor,SW215WA01,4,Rms_kg_per_s,,1,fill_missing,"Wavecor SW215WA01/02, SW215WA01 4-ohm before-burn-in column; page updated 2025-03-12; technical parameter table; accessed 2026-10-06",https://www.wavecor.com/html/sw215wa01_02.html
b1a65b78dac3073affd82e7d,Wavecor,SW215WA01,4,Sensitivity_dB,,88.5,fill_missing,"Wavecor SW215WA01/02, SW215WA01 4-ohm before-burn-in column; page updated 2025-03-12; technical parameter table; accessed 2026-10-06",https://www.wavecor.com/html/sw215wa01_02.html
a41dda7db1f3bc71bcd964c8,Wavecor,WF168WA02,8,Bl_Tm,5.1,6.4,replace,"Wavecor WF168WA01/02, WF168WA02 8-ohm column; page updated 2024-03-26; technical parameter table; accessed 2026-10-06",https://www.wavecor.com/html/wf168wa01_02.html
a41dda7db1f3bc71bcd964c8,Wavecor,WF168WA02,8,Fs_Hz,47.5,49,replace,"Wavecor WF168WA01/02, WF168WA02 8-ohm column; page updated 2024-03-26; technical parameter table; accessed 2026-10-06",https://www.wavecor.com/html/wf168wa01_02.html
a41dda7db1f3bc71bcd964c8,Wavecor,WF168WA02,8,Vas_L,24.63565654,24.6,replace,"Wavecor WF168WA01/02, WF168WA02 8-ohm column; page updated 2024-03-26; technical parameter table; accessed 2026-10-06",https://www.wavecor.com/html/wf168wa01_02.html
a41dda7db1f3bc71bcd964c8,Wavecor,WF168WA02,8,Qms,7,7.1,replace,"Wavecor WF168WA01/02, WF168WA02 8-ohm column; page updated 2024-03-26; technical parameter table; accessed 2026-10-06",https://www.wavecor.com/html/wf168wa01_02.html
a41dda7db1f3bc71bcd964c8,Wavecor,WF168WA02,8,Qes,0.46,0.56,replace,"Wavecor WF168WA01/02, WF168WA02 8-ohm column; page updated 2024-03-26; technical parameter table; accessed 2026-10-06",https://www.wavecor.com/html/wf168wa01_02.html
a41dda7db1f3bc71bcd964c8,Wavecor,WF168WA02,8,Qts,0.43,0.52,replace,"Wavecor WF168WA01/02, WF168WA02 8-ohm column; page updated 2024-03-26; technical parameter table; accessed 2026-10-06",https://www.wavecor.com/html/wf168wa01_02.html
a41dda7db1f3bc71bcd964c8,Wavecor,WF168WA02,8,Sensitivity_dB,,89,fill_missing,"Wavecor WF168WA01/02, WF168WA02 8-ohm column; page updated 2024-03-26; technical parameter table; accessed 2026-10-06",https://www.wavecor.com/html/wf168wa01_02.html
