row_id,manufacturer,model,Z_ohm,source_type,source_document,source_url,accessed
546ef3cb08a01609542afaa0,Celestion,AN2075,8,manufacturer_web_table,Celestion AN2075 8-ohm technical data; technical parameter table; accessed 2026-10-06,https://celestion.com/product/an2075/,2026-10-06
5c1e89bba75d7b505a091193,Celestion,AN3510,8,manufacturer_web_table,Celestion AN3510 8-ohm technical data; technical parameter table; accessed 2026-10-06,https://celestion.com/product/an3510/,2026-10-06
ddfd14bd3f9b37bb0579aeea,Celestion,FTX0820,8,manufacturer_web_table,Celestion FTX0820 8-ohm LF section; technical parameter table; accessed 2026-10-06,https://celestion.com/product/ftx0820/,2026-10-06
01b616b4e3b34a7fac2c7406,Celestion,Truvox 0615,8,manufacturer_web_table,Celestion Truvox 0615 8-ohm technical data; technical parameter table; accessed 2026-10-06,https://celestion.com/product/truvox-0615/,2026-10-06
f44c78160402477a8b11241f,Celestion,Truvox 0820,8,manufacturer_web_table,Celestion Truvox 0820 8-ohm technical data; technical parameter table; accessed 2026-10-06,https://celestion.com/product/truvox-0820/,2026-10-06
b6301beeaf436c606b04883c,Dayton Audio,CE45N-4,4,manufacturer_datasheet,"Dayton Audio CE45N-4 specification sheet; page 1, technical parameters; accessed 2026-10-06",https://www.daytonaudio.com/images/resources/285-161--dayton-audio-ce45n-4-specification-sheet.pdf,2026-10-06
b0f6460539d7849e10f14831,Dayton Audio,CE53N,4.0,manufacturer_datasheet,"Dayton Audio CE53N-4 specification sheet and linked product table; page 1, technical parameters; accessed 2026-10-06",https://www.daytonaudio.com/images/resources/285-171--dayton-audio-ce53n-4-spec-sheet.pdf,2026-10-06
2b393ac7a4954373b9529321,Dayton Audio,CE54N-4,4,manufacturer_datasheet,"Dayton Audio CE54N-4 specification sheet; page 1, technical parameters; accessed 2026-10-06",https://www.daytonaudio.com/images/resources/285-167--dayton-audio-ce54n-4-specification-sheet.pdf,2026-10-06
794249e5d4bae8938d9267d0,Dayton Audio,HARB252-8,8,manufacturer_web_table,Dayton Audio HARB252-8 product specifications; technical parameter table; accessed 2026-10-06,https://www.daytonaudio.com/product/1282/harb252-8-1-x-5-dual-motor-high-aspect-ratio-bmt-8-ohms,2026-10-06
52c8ea1492aded7133b51249,Dayton Audio,ND140,4.0,manufacturer_datasheet,"Dayton Audio ND140-4 specification sheet and linked product table; page 1, technical parameters; accessed 2026-10-06",https://www.daytonaudio.com/images/resources/290-216-dayton-audio-nd140-4-specifications.pdf,2026-10-06
030ce09bca8cd45b2f24acc7,Dayton Audio,ND64,4.0,manufacturer_datasheet,"Dayton Audio ND64-4 specification sheet; page 1, technical parameters; accessed 2026-10-06",https://www.daytonaudio.com/images/resources/295-520--dayton-audio-nd64-4-aluminum-magnesium-cone-full-range-driver-specifications.pdf,2026-10-06
14de91c4979d53eb631a3fe5,Dayton Audio,RS125P,4.0,manufacturer_web_table,Dayton Audio RS125P-4 product specifications; technical parameter table; accessed 2026-10-06,https://www.daytonaudio.com/product/1223/rs125p-4-5-reference-paper-woofer-4-ohm,2026-10-06
444bf4aabda9e85f1d05b424,Faital Pro,15FH520,4.0,manufacturer_web_table,"FaitalPRO 15FH520 4-ohm, P/N 03804183; technical parameter table; accessed 2026-10-06",https://faitalpro.com/en/products/LF_Loudspeakers/product_details/index.php?id=151060152,2026-10-06
004ffa7f2d15a55801487cac,Faital Pro,15HP1030,4.0,manufacturer_web_table,"FaitalPRO 15HP1030 4-ohm, P/N 03804184; technical parameter table; accessed 2026-10-06",https://faitalpro.com/en/products/LF_Loudspeakers/product_details/index.php?id=201060136,2026-10-06
f329bccdc6fb7577670aa5f7,Faital Pro,6PR130,8.0,manufacturer_web_table,"FaitalPRO 6PR130 8-ohm, P/N 01604435; technical parameter table; accessed 2026-10-06",https://faitalpro.com/en/products/LF_Loudspeakers/product_details/index.php?id=101020155,2026-10-06
8b294dbd1314aba046977cea,SB Acoustics,MW19PNW,4.0,manufacturer_web_table,SB Acoustics SATORI MW19PNW-4 technical data; technical parameter table; accessed 2026-10-06,https://sbacoustics.com/product/7%C2%BDin-satori-mw19pnw-4/,2026-10-06
043448a93fbfdbe61384513f,SB Acoustics,SB13PFCR25,8.0,manufacturer_web_table,SB Acoustics SB13PFCR25-8 technical data; technical parameter table; accessed 2026-10-06,https://sbacoustics.com/product/5-sb13pfcr25-8-paper/,2026-10-06
8db2e932d631fe4e9232818b,SB Acoustics,SB15BAC30-8-COAX,8,manufacturer_web_table,SB Acoustics SB15BAC30-8-COAX LF table; technical parameter table; accessed 2026-10-06,https://sbacoustics.com/product/sb15bac30-8-coax/,2026-10-06
c55238d0d0d1e95f7867e953,SEAS,FU10RB,8,not_found,SEAS FU10RB H1600-08 technical-source search; exact-model source search; accessed 2026-10-06,,2026-10-06
20d3f116134c706ce91d02ae,Tang Band,W3-2141,8,manufacturer_web_table,Tang Band W3-2141 8-ohm technical data; technical parameter table; accessed 2026-10-06,https://www.tb-speaker.com/products/w3-2141,2026-10-06
5915086804184c8c10463c6e,Tang Band,W5-1611SAF,8,manufacturer_web_table,Tang Band W5-1611SAF 8-ohm technical data; technical parameter table; accessed 2026-10-06,https://www.tb-speaker.com/products/w5-1611saf,2026-10-06
3d2a1aa5adf9a0995a6d98f4,Tang Band,W6-1139SIF,4,manufacturer_web_table,Tang Band W6-1139SIF 4-ohm technical data; technical parameter table; accessed 2026-10-06,https://www.tb-speaker.com/products/w6-1139sif,2026-10-06
625b0327e6a96145d62c7043,Visaton,AL 170,8,manufacturer_web_table,"Visaton AL 170 8-ohm, article 1302; technical parameter table; accessed 2026-10-06",https://www.visaton.de/en/products/drivers/woofers/al-170-8-ohm,2026-10-06
bc49e4099d958f6f15a47cd1,Visaton,BG20,8,manufacturer_web_table,"Visaton BG 20 8-ohm, article 3020; technical parameter table; accessed 2026-10-06",https://www.visaton.de/en/products/drivers/fullrange-systems/bg-20-8-ohm,2026-10-06
18e006e9c36e19a01cd25c3e,Visaton,FR 8 WP,8,manufacturer_datasheet,"Visaton FR 8 WP 4-/8-ohm combined technical sheet; 2023; page 1, technical parameters; accessed 2026-10-06",https://www.visaton.de/sites/default/files/dd_product/FR%208%20WP_2128_2129.pdf,2026-10-06
a2710d4f371c548c2e4c47dc,Visaton,FR 8 WP-4,4,manufacturer_web_table,"Visaton FR 8 WP 4-ohm white, article 2128; technical parameter table; accessed 2026-10-06",https://www.visaton.de/en/products/drivers/fullrange-systems/fr-8-wp-4-ohm-white,2026-10-06
7052ff485fd91b66cb40e364,Visaton,FRS 10 WP,4,manufacturer_web_table,"Visaton FRS 10 WP 4-ohm black, article 2100; technical parameter table; accessed 2026-10-06",https://www.visaton.de/en/products/drivers/fullrange-systems/frs-10-wp-4-ohm-black,2026-10-06
ceff63a51b1115eca24333cb,Visaton,FRS8,4.0,manufacturer_web_table,"Visaton FRS 8 4-ohm, article 2003; technical parameter table; accessed 2026-10-06",https://www.visaton.de/en/products/drivers/fullrange-systems/frs-8-4-ohm,2026-10-06
1558ea22c8fd10936dd3fdf3,Visaton,FRS8,8.0,manufacturer_web_table,"Visaton FRS 8 8-ohm, article 2004; technical parameter table; accessed 2026-10-06",https://www.visaton.de/en/products/drivers/fullrange-systems/frs-8-8-ohm,2026-10-06
9516052cc1b21e7ded2141d3,Visaton,GF 200,4,manufacturer_web_table,"Visaton GF 200 2 x 4-ohm, article 1330, connection 1; technical parameter table; accessed 2026-10-06",https://www.visaton.de/en/products/drivers/woofers/gf-200-2-x-4-ohm,2026-10-06
270cfddd38fdbe0377632a0d,Visaton,GF200,2,manufacturer_web_table,"Visaton GF 200 2 x 4-ohm, article 1330, connection 3; technical parameter table; accessed 2026-10-06",https://www.visaton.de/en/products/drivers/woofers/gf-200-2-x-4-ohm,2026-10-06
80d6cccdb1066514bb39e6ab,Visaton,MR 130,8,manufacturer_datasheet,"Visaton MR 130 8-ohm, article 9016, product sheet; 2021; page 1, technical parameters; accessed 2026-10-06",https://www.visaton.de/sites/default/files/dd_product/MR%20130.pdf,2026-10-06
d9e2b5a254e12bd65e895a19,Visaton,SC 5.9,8,manufacturer_web_table,"Visaton SC 5.9 8-ohm, article 8006; technical parameter table; accessed 2026-10-06",https://www.visaton.de/en/products/drivers/fullrange-systems/sc-59-8-ohm,2026-10-06
4c6a07e540c99362f4c289e4,Visaton,W130X,4,manufacturer_web_table,"Visaton W 130 X 2 x 4-ohm, article 9059, single-coil set; technical parameter table; accessed 2026-10-06",https://www.visaton.de/en/products/drivers/woofers/w-130-x-2-x-4-ohm,2026-10-06
45a105a42e6c03ac5547e9b0,Visaton,W200S,4.0,manufacturer_web_table,"Visaton W 200 S 4-ohm, article 9029; technical parameter table; accessed 2026-10-06",https://www.visaton.de/en/products/drivers/woofers/w-200-s-4-ohm,2026-10-06
6d6a06b8349e9d2dc7abb0cd,Visaton,W250S,4.0,manufacturer_web_table,"Visaton W 250 S 4-ohm, article 9034; technical parameter table; accessed 2026-10-06",https://www.visaton.de/en/products/drivers/woofers/w-250-s-4-ohm,2026-10-06
b1fd3605befaa415a5410ad2,Visaton,W250S,8.0,manufacturer_web_table,"Visaton W 250 S 8-ohm, article 9035; technical parameter table; accessed 2026-10-06",https://www.visaton.de/en/products/drivers/woofers/w-250-s-8-ohm,2026-10-06
2a088f44b8e56afb36cd7bba,Visaton,WS17E,8.0,manufacturer_web_table,"Visaton WS 17 E 8-ohm, article 1055; technical parameter table; accessed 2026-10-06",https://www.visaton.de/en/products/drivers/woofers/ws-17-e-8-ohm,2026-10-06
b1a65b78dac3073affd82e7d,Wavecor,SW215WA01,4,manufacturer_web_table,"Wavecor SW215WA01/02, SW215WA01 4-ohm before-burn-in column; page updated 2025-03-12; technical parameter table; accessed 2026-10-06",https://www.wavecor.com/html/sw215wa01_02.html,2026-10-06
a41dda7db1f3bc71bcd964c8,Wavecor,WF168WA02,8,manufacturer_web_table,"Wavecor WF168WA01/02, WF168WA02 8-ohm column; page updated 2024-03-26; technical parameter table; accessed 2026-10-06",https://www.wavecor.com/html/wf168wa01_02.html,2026-10-06
