row_id,manufacturer,model,Z_ohm,Size_in,Throat_in,Diameter_mm,Sd_cm2,Bl_Tm,Re_ohm,Le_mH,Le2_mH,Re2_ohm,Mms_g,Mmd_g,Fs_Hz,Vas_L,Qms,Qes,Qts,Cms_mm_per_N,Rms_kg_per_s,Xmax_mm,Sensitivity_dB,Power_W,XO_min_Hz,Freq_low_Hz,failing_checks,reliability_reasons,fs_stated,fs_computed,fs_difference_pct,qes_stated,qes_computed,qes_difference_pct,vas_stated,vas_computed,vas_difference_pct,qts_stated,qts_computed,qts_difference_pct,mass_correction_stated,mass_correction_computed,mass_correction_difference_pct,corrected_Z_ohm,corrected_Size_in,corrected_Throat_in,corrected_Diameter_mm,corrected_Sd_cm2,corrected_Bl_Tm,corrected_Re_ohm,corrected_Le_mH,corrected_Le2_mH,corrected_Re2_ohm,corrected_Mms_g,corrected_Mmd_g,corrected_Fs_Hz,corrected_Vas_L,corrected_Qms,corrected_Qes,corrected_Qts,corrected_Cms_mm_per_N,corrected_Rms_kg_per_s,corrected_Xmax_mm,corrected_Sensitivity_dB,corrected_Power_W,corrected_XO_min_Hz,corrected_Freq_low_Hz,correction_source,notes,hold_resolution
546ef3cb08a01609542afaa0,Celestion,AN2075,8,2,,,12.49,2.71,0.84,,,,1.49,,153.4,0.2831684659,5.28,0.998,0.84,0.72,,1.5,,20,,,qes_inconsistent;vas_inconsistent,"qes_inconsistent: stated=0.998 , computed=0.16426 , difference=83.54% (limit 20%); vas_inconsistent: stated=0.283168 L, computed=0.159114 L, difference=43.81% (limit 20%)",153.4,153.659971825,0.169473158411,0.998,0.164260144559,83.5410676795,0.2831684659,0.159113917919,43.8094501755,0.84,0.8393501115,0.0773676785145,1.49,1.4390926919,3.41659785929,,,,,,,,,,,,,,,,,,,,,,,,,Celestion AN2075 8-ohm technical data; technical parameter table; accessed 2026-10-06,"SOURCE_INCONSISTENT — The published Vas 1.51 L conflicts with published Sd 12.56 cm2 and Cms 0.72 mm/N. The library also differs from the table, notably Re 0.84 versus 5.33 ohm and Vas 0.2831684659 versus 1.51 L. No corrections selected because the source combination is itself inconsistent. Source-only check: Vas (L) computed 0.160902 vs source 1.51 (89.34%). Computed values are diagnostics, not corrections.",
5c1e89bba75d7b505a091193,Celestion,AN3510,8,3.5,,,38.48,4.56,5.73,,,,3.37,,113.4,1.982179261,5.09,0.74,0.65,0.52,,1.25,,35,,,vas_inconsistent,"vas_inconsistent: stated=1.98218 L, computed=1.09075 L, difference=44.97% (limit 20%)",113.4,120.227414975,6.0206481265,0.74,0.661679623079,10.583834719,1.982179261,1.09074760195,44.9723027877,0.65,0.646072041166,0.604301359018,3.37,3.09471086553,8.16881704661,,,,,,,,,,,,,,,,,,,,,,,,,Celestion AN3510 8-ohm technical data; technical parameter table; accessed 2026-10-06,"SOURCE_INCONSISTENT — Published Vas 1.87 L is inconsistent with Sd 38.45 cm2 and Cms 0.52 mm/N. The source value is not substituted for the imported rounded-volume value because it does not resolve the contradiction. Source-only check: Vas (L) computed 1.08905 vs source 1.87 (41.76%). Computed values are diagnostics, not corrections.",
ddfd14bd3f9b37bb0579aeea,Celestion,FTX0820,8,8,,,227.1,14.4,5.9,0.84,,,21.12,,78.8,21.23763494,4.7,0.242,0.231,0.238,,2,,200,,,qes_inconsistent,"qes_inconsistent: stated=0.242 , computed=0.297527 , difference=22.95% (limit 20%)",78.8,70.9879600435,9.91375629,0.242,0.29752744114,22.9452236117,21.23763494,17.3884960881,18.1241407659,0.231,0.230149736949,0.368079243029,21.12,17.1730449848,18.6882339734,,,,,226.98,14.56,5.85,0.62,,,22.66,,,13.13,2.8,0.31,0.279,0.18,4.01,4,94,,,70,Celestion FTX0820 8-ohm LF section; technical parameter table; accessed 2026-10-06,"TRANSCRIPTION_ERROR — Use the current LF parameter set only; the imported set differs across Mms, Vas, compliance, losses and motor parameters. Its original revision is unknown. No HF data or HF crossover is copied into the woofer record. Proposed values pass the independent numerical reproduction; official validation was not run.",
01b616b4e3b34a7fac2c7406,Celestion,Truvox 0615,8,6.5,,,154.54,0.298,5.59,0.369,,,10.584,,89.6,7.362380114,5.535,0.516,0.472,0.298,,3.5,,150,,,qes_inconsistent;vas_inconsistent,"qes_inconsistent: stated=0.516 , computed=375.074 , difference=72588.76% (limit 20%); vas_inconsistent: stated=7.36238 L, computed=10.0821 L, difference=36.94% (limit 20%)",89.6,89.6163154433,0.0182092000682,0.516,375.074024944,72588.7645241,7.362380114,10.082050684,36.9400999125,0.472,0.471998016857,0.000420157475008,10.584,8.36836693788,20.9337968832,,,,,,,,,,,,,,,,,,,,,,,,,Celestion Truvox 0615 8-ohm technical data; technical parameter table; accessed 2026-10-06,"SOURCE_INCONSISTENT — The library Bl 0.298 equals the published Cms, while the table states Bl 8.032 Tm. However, that same table gives Vas 7.44 L inconsistent with Sd 154.54 cm2 and Cms 0.298 mm/N. No correction is applied while the source set conflicts. Source-only check: Vas (L) computed 10.0821 vs source 7.44 (35.51%). Computed values are diagnostics, not corrections.",
f44c78160402477a8b11241f,Celestion,Truvox 0820,8,8,,,226.98,1.51,6.06,0.543,,,19.49,,74.1,17.27327642,6.304,0.417,0.39,0.24,,5,,250,,,qes_inconsistent,"qes_inconsistent: stated=0.417 , computed=24.1173 , difference=5683.52% (limit 20%)",74.1,73.5882696762,0.69059422915,0.417,24.1172977422,5683.52463841,17.27327642,17.51609216,1.4057306449,0.39,0.391127510787,0.289105330022,19.49,15.5461729375,20.2351311573,,,,208.5,,11.51,,,,,,,,17.25,,,,,1.5,,96,,,70,Celestion Truvox 0820 8-ohm technical data; technical parameter table; accessed 2026-10-06,TRANSCRIPTION_ERROR — Restore the missing leading digit in Bl: 1.51 to 11.51 Tm. Replace the converted rounded volume with the directly published Vas 17.25 L and fill published metadata and Rms. Proposed values pass the independent numerical reproduction; official validation was not run.,
b6301beeaf436c606b04883c,Dayton Audio,CE45N-4,4,,,,8.04,1.78,3.68,0.07,,,0.86,,178,0.05663369318,4.23,1.12,0.89,0.92,,1.1,,5,,,vas_inconsistent,"vas_inconsistent: stated=0.0566337 L, computed=0.0842463 L, difference=48.76% (limit 20%)",178,178.92745814,0.521043898606,1.12,1.1171362281,0.255693919733,0.05663369318,0.0842462777056,48.7564609954,0.89,0.88553271028,0.501942665127,0.86,0.83370818617,3.0571876546,,,,,,,,,,,,,,,,,,,,,,,,,"Dayton Audio CE45N-4 specification sheet; page 1, technical parameters; accessed 2026-10-06","SOURCE_INCONSISTENT — The PDF and detailed web table agree on Vas 0.084 L and RMS power 5 W, but the current product heading says 8 W without explaining the rating. To avoid selecting between contradictory product specifications, all corrections are withheld. The clear candidate Vas replacement is retained in the comparison sidecar, not applied.",
b0f6460539d7849e10f14831,Dayton Audio,CE53N,4.0,2,,,11.3,3.44,3.47,0.13,,,1.8,,132,0.15,5.22,0.43,1,0.83,,2,84,10,,,qts_inconsistent,"qts_inconsistent: stated=1, computed Qms*Qes/(Qms+Qes)=0.397274, difference=60.27% (limit 20%)",132,130.210148111,1.3559484008,0.43,0.437762841112,1.80531188647,0.15,0.150136323173,0.0908821154429,1,0.397274336283,60.2725663717,1.8,1.75619192797,2.43378177936,,,,,,,,,,,,,,,,,,,,,,,,,"Dayton Audio CE53N-4 specification sheet and linked product table; page 1, technical parameters; accessed 2026-10-06","SOURCE_INCONSISTENT — The manufacturer PDF states Fs 132 Hz, Mms 1.8 g, Sd 11.3 cm2, Qts 0.40 and Re 3.5 ohm; its currently linked web table instead gives 197 Hz, 0.87 g, 8.55 cm2, Qts 1.0 and Re 3.47 ohm. Library data mix these sets. No correction selected without a revision/variant confirmation.",
2b393ac7a4954373b9529321,Dayton Audio,CE54N-4,4,,,,14.5,3.82,3.6,0.11,,,2.4,,168,0.08495053978,6.77,0.63,0.58,0.37,,1.4,,15,,,vas_inconsistent,"vas_inconsistent: stated=0.0849505 L, computed=0.110202 L, difference=29.72% (limit 20%)",168,168.89377729,0.532010291897,0.63,0.624994458559,0.79453038745,0.08495053978,0.110201758593,29.7246125552,0.58,0.576364864865,0.626747437092,2.4,2.33632213724,2.65324428184,,2,,,,,,,,,,,,0.111,,,,,,,84,,,150,"Dayton Audio CE54N-4 specification sheet; page 1, technical parameters; accessed 2026-10-06","TRANSCRIPTION_ERROR — Replace the rounded-conversion Vas 0.08495053978 L with the directly published 0.111 L. Add nominal size, sensitivity and the stated lower response bound. Do not infer a scalar diameter from the noncircular frame. Proposed values pass the independent numerical reproduction; official validation was not run.",
794249e5d4bae8938d9267d0,Dayton Audio,HARB252-8,8,,,,21.03,3.039,7.2,0.09,,,3.24,,172.11,0.2831684659,4.23,2.98,1.74,0.305,,1.25,,10,,,vas_inconsistent,"vas_inconsistent: stated=0.283168 L, computed=0.191086 L, difference=32.52% (limit 20%)",172.11,160.102350102,6.976729939,2.98,2.73150550073,8.3387415861,0.2831684659,0.19108613717,32.5185675028,1.74,1.74832177531,0.478262948969,3.24,3.12877680043,3.43281480155,,,,,21.2,3.04,,,,,3.2,,,0.19,,,,0.3,,1.3,77,,,150,Dayton Audio HARB252-8 product specifications; technical parameter table; accessed 2026-10-06,"TRANSCRIPTION_ERROR — The current table gives Vas 0.19 L rather than 0.2831684659 L; the remaining changed numbers follow the same current table, including Sd 21.2 cm2, Mms 3.2 g and Xmax 1.3 mm. Nominal 1 x 5 inch geometry is not a scalar diameter. Proposed values pass the independent numerical reproduction; official validation was not run.",
52c8ea1492aded7133b51249,Dayton Audio,ND140,4.0,5.25,,,86.6,3.9,3.7,0.79,,,10.1,,59.2,7.22,5.35,0.72,0.63,0.71,,4,88.4,40,,,qes_inconsistent,"qes_inconsistent: stated=0.72 , computed=0.913893 , difference=26.93% (limit 20%)",59.2,59.4333582312,0.394186201427,0.72,0.913893227338,26.9296149081,7.22,7.54301426846,4.4738818346,0.63,0.634596375618,0.729583431396,10.1,9.17057721881,9.20220575434,,,,,,,,,,,,,,,,,,,,,,,,,"Dayton Audio ND140-4 specification sheet and linked product table; page 1, technical parameters; accessed 2026-10-06","SOURCE_INCONSISTENT — The manufacturer PDF states Bl 4.42 Tm, but the linked product table states 3.9 Tm, matching the library. The remaining principal T/S values agree. The PDF motor value would remove the Qes discrepancy, but no preferred revision is identified; corrections are withheld.",
030ce09bca8cd45b2f24acc7,Dayton Audio,ND64,4.0,2.5,,,15.6,4.13,3.7,0.37,,,2.56,,103,0.4247526989,4.36,0.36,0.33,0.93,,1.9,,15,,,vas_inconsistent,"vas_inconsistent: stated=0.424753 L, computed=0.320614 L, difference=24.52% (limit 20%)",103,103.147492477,0.143196580015,0.36,0.359383951166,0.171124676014,0.4247526989,0.320614339085,24.5174097975,0.33,0.332542372881,0.770416024653,2.56,2.48894029948,2.77576955151,,,,,,,,,,,,,,,,,,,,,,,,,"Dayton Audio ND64-4 specification sheet; page 1, technical parameters; accessed 2026-10-06","SOURCE_INCONSISTENT — The PDF and web table both give Vas 0.42 L, Sd 15.6 cm2 and Cms 0.93 mm/N; the latter two imply a Vas more than 20% lower. Replacing the library rounded-conversion value with 0.42 L would leave the source inconsistency. No corrections selected. Source-only check: Vas (L) computed 0.320614 vs source 0.42 (23.66%). Computed values are diagnostics, not corrections.",
14de91c4979d53eb631a3fe5,Dayton Audio,RS125P,4.0,5,,,52.8,5.08,3.1,0.32,,,5.1,,70,3.98,3.19,0.57,0.48,1.02,,4,90,30,,,qes_inconsistent,"qes_inconsistent: stated=0.57 , computed=0.269453 , difference=52.73% (limit 20%)",70,69.7806415115,0.313369269303,0.57,0.269452584609,52.7276167352,3.98,4.0282722382,1.21287030641,0.48,0.483590425532,0.748005319149,5.1,4.65752640481,8.67595284687,,,,125.5,54.11,3.49,,,,,,,,,,,,,,,,,,70,Dayton Audio RS125P-4 product specifications; technical parameter table; accessed 2026-10-06,"TRANSCRIPTION_ERROR — Use the exact 4-ohm table: Bl 3.49 Tm rather than 5.08, and Sd 54.11 cm2 rather than 52.8. Add the explicitly published frame diameter and response lower bound. Proposed values pass the independent numerical reproduction; official validation was not run.",
444bf4aabda9e85f1d05b424,Faital Pro,15FH520,4.0,15.0,,,847,14.3,2.7,0.68,,,114.7,,38,153.2,9,0.35,0.34,0.19,2.4,9.15,97,600,,,vas_inconsistent,"vas_inconsistent: stated=153.2 L, computed=193.095 L, difference=26.04% (limit 20%)",38,34.092717687,10.2823218764,0.35,0.361591799089,3.31194259678,153.2,193.095084382,26.0411777952,0.34,0.336898395722,0.912236552375,114.7,86.270999523,24.7855278788,,,,393,,,,,,,,86.8,,,,,,0.15,3,,,,,40,"FaitalPRO 15FH520 4-ohm, P/N 03804183; technical parameter table; accessed 2026-10-06",WRONG_VARIANT — Cms 0.19 mm/N and Rms 2.4 kg/s belong to the published 8-ohm set; the named 4-ohm table gives 0.15 and 3.0. Also add separately published Mmd 86.8 g without changing Mms 114.7 g. Vas 153.2 dm3 equals 153.2 L. The presence of Mmd does not itself change the solver mass-selection precedence. Proposed values pass the independent numerical reproduction; official validation was not run.,
004ffa7f2d15a55801487cac,Faital Pro,15HP1030,4.0,15.0,,,842,20.5,3.97,1,,,177.5,,40,88.3,13.4,0.31,0.30,,,12.45,96,1000,,,qes_inconsistent,"qes_inconsistent: stated=0.31 , computed=0.421426 , difference=35.94% (limit 20%)",40,40.2882210141,0.720552535146,0.31,0.421425685315,35.9437694563,88.3,88.3,0,0.3,0.30299051787,0.996839290056,177.5,149.32236024,15.8747266252,,,,,,,,,,,,,,,,,,,,,,,,,"FaitalPRO 15HP1030 4-ohm, P/N 03804184; technical parameter table; accessed 2026-10-06","SOURCE_INCONSISTENT — The current 4-ohm table reproduces the library Qes conflict: Fs 40 Hz, Mms 177.5 g, Re 3.97 ohm and Bl 20.5 Tm do not agree with Qes 0.31. The table also publishes Mmd 149.9 g, but all corrections remain blank because the source is inconsistent. Minimum impedance is not a substitute for Re. Source-only check: Qes computed 0.421426 vs source 0.31 (35.94%). Computed values are diagnostics, not corrections.",
f329bccdc6fb7577670aa5f7,Faital Pro,6PR130,8.0,6.0,,,147.95,11.4,5.2,0.17,,,12.0,,175,4.2,3.1,0.57,0.48,,,4.60,101,200,,,fs_inconsistent,"fs_inconsistent: stated=175 Hz, computed=124.838 Hz, difference=28.66% (limit 20%)",175,124.837548369,28.6642580746,0.57,0.527950011961,7.3771908841,4.2,4.2,0,0.48,0.481471389646,0.306539509537,12,9.92456598846,17.2952834295,,,,,,,,,,,,,,,,,,,,,,,,,"FaitalPRO 6PR130 8-ohm, P/N 01604435; technical parameter table; accessed 2026-10-06","SOURCE_INCONSISTENT — Published Vas 4.2 L conflicts with Sd 147.95 cm2 and Cms 0.07 mm/N; Published Mmd 10 g is recorded as evidence only, not inserted into an inconsistent row. Source-only check: Vas (L) computed 2.17059 vs source 4.2 (48.32%). Computed values are diagnostics, not corrections.",
8b294dbd1314aba046977cea,SB Acoustics,MW19PNW,4.0,,,,158,6.5,3.4,0.14,,,16.7,,32,,4.06,0.22,0.21,,,6.8,91,70,,,qes_inconsistent,"qes_inconsistent: stated=0.22 , computed=0.270208 , difference=22.82% (limit 20%)",32,32,0,0.22,0.270208198242,22.8219082919,,,,0.21,0.208691588785,0.623052959502,16.7,14.4095431963,13.7153102018,,7.5,,,,,,,,,17.4,,29,61,4.53,0.26,0.24,1.73,0.7,,91.5,,,,SB Acoustics SATORI MW19PNW-4 technical data; technical parameter table; accessed 2026-10-06,"TRANSCRIPTION_ERROR — Adopt the current exact-model 4-ohm T/S set; the original revision is unknown. Source linear coil travel 13.6 mm peak-to-peak / 2 = Xmax 6.8 mm (already correct). Current Fs 29 Hz, Mms 17.4 g and Qes 0.26 replace the imported set; add Vas, Cms and Rms. Proposed values pass the independent numerical reproduction; official validation was not run.",
043448a93fbfdbe61384513f,SB Acoustics,SB13PFCR25,8.0,,,,87,6.2,3.2,0.77,,,10,,45,13.4,2.2,0.39,0.33,1.25,1.4,4.5,87,40,,,qes_inconsistent,"qes_inconsistent: stated=0.39 , computed=0.235374 , difference=39.65% (limit 20%)",45,45.0158158079,0.0351462396785,0.39,0.235374267491,39.6476237204,13.4,13.4029165857,0.0217655645616,0.33,0.331274131274,0.3861003861,10,9.0641303699,9.358696301,,5,,,,,5.6,,,,,,,,,,,,,,,,,,SB Acoustics SB13PFCR25-8 technical data; technical parameter table; accessed 2026-10-06,"TRANSCRIPTION_ERROR — The exact 8-ohm source gives Re 5.6 ohm, not 3.2. Source linear coil travel 9 mm peak-to-peak / 2 = Xmax 4.5 mm (already correct). Add the published 5-inch nominal size; do not infer a different impedance from the old resistance. Proposed values pass the independent numerical reproduction; official validation was not run.",
8db2e932d631fe4e9232818b,SB Acoustics,SB15BAC30-8-COAX,8,,,,80,5.3,3.8,0.13,,,7.1,,43,17.5,4.8,0.39,0.36,1.93,0.4,6,86,,,,qes_inconsistent,"qes_inconsistent: stated=0.39 , computed=0.259501 , difference=33.46% (limit 20%)",43,42.9944406055,0.0129288244357,0.39,0.259500697838,33.4613595287,17.5,17.4979865944,0.01150517504,0.36,0.360693641618,0.19267822736,7.1,6.27477674923,11.6228626869,,5,,,,,5.7,,,,,,,,,,,,,3,,40,,,SB Acoustics SB15BAC30-8-COAX LF table; technical parameter table; accessed 2026-10-06,"WRONG_VARIANT — The library Re 3.8 ohm belongs to the coaxial tweeter; the 8-ohm woofer table gives Re 5.7 ohm. Linear coil travel 6.0 mm peak-to-peak / 2 = one-way Xmax 3.0 mm, not 6. Add LF rated power 40 W and nominal size 5 inches; no HF parameters are imported. Proposed values pass the independent numerical reproduction; official validation was not run.",
c55238d0d0d1e95f7867e953,SEAS,FU10RB,8,,,,38.5,3.56,6.42,0.16,,,4.05,,102,1,3.25,1.36,0.96,0.6,0.83,2,82.1,40,,,vas_inconsistent,"vas_inconsistent: stated=1 L, computed=1.25986 L, difference=25.99% (limit 20%)",102,102.097943597,0.0960231339492,1.36,1.31483148589,3.32121427299,1,1.25986353446,25.9863534464,0.96,0.958785249458,0.126536514823,4.05,3.77449621514,6.80256258918,,,,,,,,,,,,,,,,,,,,,,,,,SEAS FU10RB H1600-08 technical-source search; exact-model source search; accessed 2026-10-06,"NOT_FOUND — Searched exact FU10RB, H1600-08 and 8-ohm terms; attempted the manufacturer product article and several manufacturer PDF paths. The exact technical source was not retrievable, and no qualifying independent full T/S measurement was found. Original values remain unverified; this is not a claim that no datasheet exists.",
20d3f116134c706ce91d02ae,Tang Band,W3-2141,8,3,,,32.09,3.64,6.5,0.02,,,1996,,75,,2.51,0.46,0.39,,,0.5,87,25,,,qes_inconsistent,"qes_inconsistent: stated=0.46 , computed=461.437 , difference=100212.36% (limit 20%)",75,75,0,0.46,461.436833048,100212.35501,,,,0.39,0.388754208754,0.319433652767,1996,1995.79035184,0.0105034147283,,,,,32,,,,,,1.996,,,3.3,,,,2.269,,1.6,,12,,75,Tang Band W3-2141 8-ohm technical data; technical parameter table; accessed 2026-10-06,TRANSCRIPTION_ERROR — Correct Mms 1996 to the published 1.996 g; Xmax 0.5 to 1.6 mm; and Power_W 25 maximum to 12 rated. Sd 0.0032 m2 x 10000 = 32 cm2; Cms 2269 um/N / 1000 = 2.269 mm/N. Add the published Vas 3.30 L and response lower bound. Proposed values pass the independent numerical reproduction; official validation was not run.,
5915086804184c8c10463c6e,Tang Band,W5-1611SAF,8,5,,,94,5.53,6.3,0.02,,,5.99,,60,11.6099071,2.8,0.52,0.44,1.31,,3,,28,,,vas_inconsistent,"vas_inconsistent: stated=11.6099 L, computed=16.3975 L, difference=41.24% (limit 20%)",60,56.8160546401,5.30657559987,0.52,0.46520912845,10.5367060673,11.6099071,16.397506032,41.2371855416,0.44,0.438554216867,0.328587075575,5.99,4.93893819177,17.5469417067,,,,,,,,,,,,,,,,,,,,,,,,,Tang Band W5-1611SAF 8-ohm technical data; technical parameter table; accessed 2026-10-06,"SOURCE_INCONSISTENT — Published Vas 11.69 L conflicts with Sd 0.0094 m2 = 94 cm2 and Cms 1307 um/N = 1.307 mm/N. Minor imported differences, including Le 0.020 versus 0.023 mH, are recorded but no replacement is selected from the inconsistent set. Source-only check: Vas (L) computed 16.36 vs source 11.69 (39.95%). Computed values are diagnostics, not corrections.",
3d2a1aa5adf9a0995a6d98f4,Tang Band,W6-1139SIF,4,6.5,,,140,8.47,3.6,0.47,,,39.91,,35,11.89307557,2.65,0.47,0.4,0.6,,11.5,86,50,,,vas_inconsistent,"vas_inconsistent: stated=11.8931 L, computed=16.6594 L, difference=40.08% (limit 20%)",35,32.5239767967,7.07435200934,0.47,0.440418263875,6.29398640966,11.89307557,16.6593525218,40.0760671517,0.4,0.399198717949,0.200320512821,39.91,37.9995814396,4.78681673878,,,,,,,,,,,,,,,,,,,,,,,,,Tang Band W6-1139SIF 4-ohm technical data; technical parameter table; accessed 2026-10-06,"SOURCE_INCONSISTENT — Published Vas 11.78 L conflicts with Sd 0.014 m2 = 140 cm2 and Cms 598.98 um/N = 0.59898 mm/N. Published sensitivity is 83 dB at 1 W/1 m; the imported 86 dB has no stated basis. No corrections or voltage-normalized sensitivity are synthesized. Source-only check: Vas (L) computed 16.631 vs source 11.78 (41.18%). Computed values are diagnostics, not corrections.",
625b0327e6a96145d62c7043,Visaton,AL 170,8,6.5,,,133,6.9,5.6,0.9,,,13,,38,1.132673864,3.88,0.43,0.39,,,11,,70,,,fs_inconsistent,"fs_inconsistent: stated=38 Hz, computed=207.622 Hz, difference=446.37% (limit 20%)",38,207.62184928,446.373287579,0.43,0.365087247086,15.0959890497,1.132673864,1.132673864,0,0.39,0.387099767981,0.743649235529,13,11.231056602,13.6072569078,,,,,,,,,,,,,,34,,,,,,,88,,,,"Visaton AL 170 8-ohm, article 1302; technical parameter table; accessed 2026-10-06",TRANSCRIPTION_ERROR — Replace Vas 1.132673864 L with the directly published 34 L; add sensitivity 88 dB. Source excursion limit +/-11 mm is not identified as linear Xmax; the existing Xmax 11 mm remains unverified and is not independently endorsed by this numerical pass. Proposed values pass the independent numerical reproduction; official validation was not run.,
bc49e4099d958f6f15a47cd1,Visaton,BG20,8,,,,214,6.1,6.2,0.8,,,10,,38,110,3.47,0.51,0.44,,,4,92,40,,,qes_inconsistent,"qes_inconsistent: stated=0.51 , computed=0.397828 , difference=21.99% (limit 20%)",38,38.6511981035,1.71367921967,0.51,0.39782812641,21.9944850177,110,110,1.2918958832e-14,0.44,0.444648241206,1.05641845592,10,6.38958491307,36.1041508693,,,,,,,,,,,,,,,,,,,,,,,,,"Visaton BG 20 8-ohm, article 3020; technical parameter table; accessed 2026-10-06","SOURCE_INCONSISTENT — Current table confirms the core imported set but its Fs 38 Hz, Mms 10 g, Re 6.2 ohm and Bl 6.1 Tm imply Qes differing by more than 20% from published 0.51. No parameter is back-solved. Source mechanical excursion is not substituted for Xmax. Source-only check: Qes computed 0.397828 vs source 0.51 (21.99%). Computed values are diagnostics, not corrections.",
18e006e9c36e19a01cd25c3e,Visaton,FR 8 WP,8,3.3,,,30,2.8,4.1,0.3,,,2.9,,158,0.2831684659,2.62,1.33,0.88,,,3,,15,,,fs_inconsistent,"fs_inconsistent: stated=158 Hz, computed=198.31 Hz, difference=25.51% (limit 20%)",158,198.310332027,25.5128683715,1.33,1.50557622217,13.2012197117,0.2831684659,0.2831684659,0,0.88,0.88217721519,0.247410817031,2.9,2.71049601047,6.53462032847,,,,,,,,,,,,,,,,,,,,,,,,,"Visaton FR 8 WP 4-/8-ohm combined technical sheet; 2023; page 1, technical parameters; accessed 2026-10-06","WRONG_VARIANT — The combined sheet identifies a distinct 8-ohm article 2129, but supplies no full 8-ohm T/S table. The library Re 4.1, Sd 30, Mms 2.9 and Qms/Qes values match the manufacturer 4-ohm article 2128 table. No 8-ohm motor or suspension values are borrowed or inferred; all corrections remain blank.",
a2710d4f371c548c2e4c47dc,Visaton,FR 8 WP-4,4,3,,,30,2.8,4.1,0.3,,,2.9,,158,11.6099071,2.62,1.33,0.88,,,3,,15,,,fs_inconsistent,"fs_inconsistent: stated=158 Hz, computed=30.9709 Hz, difference=80.40% (limit 20%)",158,30.9708705766,80.3981831794,1.33,1.50557622217,13.2012197117,11.6099071,11.6099071,0,0.88,0.88217721519,0.247410817031,2.9,2.71049601047,6.53462032847,,3.3,,,,,,,,,,,,0.4,,,,,,,84,,,100,"Visaton FR 8 WP 4-ohm white, article 2128; technical parameter table; accessed 2026-10-06","TRANSCRIPTION_ERROR — The exact 4-ohm table states Vas 0.4 L, not 11.6099071 L, and nominal size 3.3 inches. Add sensitivity and the response lower bound. Published excursion limit +/-3 mm is not identified as linear Xmax; the existing 3 mm is retained but unverified as linear. Proposed values pass the independent numerical reproduction; official validation was not run.",
7052ff485fd91b66cb40e364,Visaton,FRS 10 WP,4,4,,,57,3.8,3.4,0.2,,,2.4,,190,1.982179261,8.29,1.02,0.91,0.433,,3,,25,,,qes_inconsistent,"qes_inconsistent: stated=1.02 , computed=0.674616 , difference=33.86% (limit 20%)",190,156.124321004,17.8293047345,1.02,0.674615685613,33.8612072928,1.982179261,1.99291329394,0.541526851267,0.91,0.908249194415,0.192396218175,2.4,1.90369487624,20.6793801568,,,,,,,,,,,,,,,,,,,,,,,,,"Visaton FRS 10 WP 4-ohm black, article 2100; technical parameter table; accessed 2026-10-06","SOURCE_INCONSISTENT — The current source itself gives Qes 1.02 alongside Fs 190 Hz, Mms 2.4 g, Re 3.4 ohm and Bl 3.8 Tm, an inconsistent combination under the stated Qes check. Published Vas 2 L is recorded but not substituted into a still-inconsistent source set. Original Cms is not independently published on this page. Source-only check: Qes computed 0.674616 vs source 1.02 (33.86%). Computed values are diagnostics, not corrections.",
ceff63a51b1115eca24333cb,Visaton,FRS8,4.0,3,,,31,2.2,3.5,0.4,,,2.5,,115,1.1,3.61,0.85,0.69,0.734,,0.25,82,30,,,qes_inconsistent,"qes_inconsistent: stated=0.85 , computed=1.30629 , difference=53.68% (limit 20%)",115,117.490322891,2.16549816623,0.85,1.30629239987,53.6814588077,1.1,0.999240997087,9.15990935575,0.69,0.688004484305,0.289205173198,2.5,2.30094228428,7.96230862899,,,,,,,,,,,,,,,,,,,,,,,,,"Visaton FRS 8 4-ohm, article 2003; technical parameter table; accessed 2026-10-06","SOURCE_INCONSISTENT — Current source Fs 120 Hz, Mms 2.5 g, Re 3.5 ohm and Bl 2.2 Tm do not agree with published Qes 0.85. The source differs from imported Fs 115 Hz and Vas 1.1 L, but substituting current values would leave the contradiction. No corrections selected. Source-only check: Qes computed 1.36309 vs source 0.85 (60.36%). Computed values are diagnostics, not corrections.",
1558ea22c8fd10936dd3fdf3,Visaton,FRS8,8.0,3,,,31,3.2,3.5,0.4,,,2.5,,115,1.1,3.61,0.85,0.69,0.66,,0.25,82,30,,,qes_inconsistent,"qes_inconsistent: stated=0.85 , computed=0.617427 , difference=27.36% (limit 20%)",115,123.901955155,7.74083056968,0.85,0.617427267124,27.3614979854,1.1,0.898500079124,18.3181746251,0.69,0.688004484305,0.289205173198,2.5,2.30094228428,7.96230862899,,3.3,,,,,7.2,0.9,,,,,120,0.9,4.85,1.32,1.04,,,,,,,100,"Visaton FRS 8 8-ohm, article 2004; technical parameter table; accessed 2026-10-06","WRONG_VARIANT — Re 3.5 ohm, Le 0.4 mH and Qms/Qes/Qts 3.61/0.85/0.69 were copied from the 4-ohm variant. Replace them with the exact 8-ohm table and its Fs 120 Hz, Vas 0.9 L and 3.3-inch size. Original Cms 0.66 mm/N and Xmax 0.25 mm are not independently published on this page; retained, not newly verified. Proposed values pass the independent numerical reproduction; official validation was not run.",
9516052cc1b21e7ded2141d3,Visaton,GF 200,4,8,,,214,4.6,2.9,0.4,,,25,,34,62.01389404,4.51,0.93,0.77,,,10,,120,,,qes_inconsistent,"qes_inconsistent: stated=0.93 , computed=0.73195 , difference=21.30% (limit 20%)",34,32.5570313307,4.24402549808,0.93,0.731949517117,21.2957508476,62.01389404,62.01389404,1.14577990426e-14,0.77,0.771011029412,0.131302521008,25,21.3895849131,14.4416603477,,,,,,,,,,,,,,,,,,,,,,,,,"Visaton GF 200 2 x 4-ohm, article 1330, connection 1; technical parameter table; accessed 2026-10-06","SOURCE_INCONSISTENT — Connection 1 is one 4-ohm coil driven with the other open. Its published Fs 34 Hz, Mms 25 g, Re 2.9 ohm and Bl 4.6 Tm are inconsistent with Qes 0.93 by more than 20%. Do not borrow the series or parallel Q values. No corrections selected. Source-only check: Qes computed 0.73195 vs source 0.93 (21.30%). Computed values are diagnostics, not corrections.",
270cfddd38fdbe0377632a0d,Visaton,GF200,2,,,,214,4.6,1.4,0.3,,,25,,30,57,4.12,0.37,0.77,,,6,88,120,,,qts_inconsistent,"qts_inconsistent: stated=0.77, computed Qms*Qes/(Qms+Qes)=0.33951, difference=55.91% (limit 20%)",30,33.9587637069,13.1958790231,0.37,0.311783769969,15.7341162247,57,57,1.24656620309e-14,0.77,0.339510022272,55.9077893154,25,21.3895849131,14.4416603477,,8,,,,,,,,,,,35,,4.33,0.44,0.39,,,,,,,,"Visaton GF 200 2 x 4-ohm, article 1330, connection 3; technical parameter table; accessed 2026-10-06","WRONG_VARIANT — Use connection 3: both 4-ohm coils in parallel for nominal 2 ohm. Imported Fs 30, Qms 4.12 and Qes 0.37 belong to the series set; Qts 0.77 belongs to the single-coil set. Correct to 35 Hz, 4.33, 0.44 and 0.39 respectively. Original Xmax 6 mm is not independently verified by the mechanical excursion limit. Proposed values pass the independent numerical reproduction; official validation was not run.",
80d6cccdb1066514bb39e6ab,Visaton,MR 130,8,5,,,70,4.3,6.8,0.4,,,5,,500,0.08495053978,8.67,5.85,3.49,,,2,,80,,,fs_inconsistent,"fs_inconsistent: stated=500 Hz, computed=643.392 Hz, difference=28.68% (limit 20%)",500,643.391762696,28.6783525391,5.85,5.77686047713,1.25024825426,0.08495053978,0.08495053978,0,3.49,3.4930785124,0.0882095242606,5,4.3245650405,13.50869919,,,,,,,,,,,,,,,,,,,,,,,,,"Visaton MR 130 8-ohm, article 9016, product sheet; 2021; page 1, technical parameters; accessed 2026-10-06","NOT_FOUND — A manufacturer product sheet was found, but it does not publish the Sd, Bl, Re, mass, Vas or Q values needed to verify this record. Searched MR 130 8-ohm technical data and the referenced parameter appendix; no accessible full T/S table or qualifying independent measurement was retrieved. Tag denotes missing usable T/S evidence, not absence of all product documentation.",
d9e2b5a254e12bd65e895a19,Visaton,SC 5.9,8,,,,24.9,2.5,7,0.4,,,1.5,,193,0.3964358523,7.52,1.5,1.25,0.453,,1.5,84.7,10,,,qes_inconsistent,"qes_inconsistent: stated=1.5 , computed=2.03726 , difference=35.82% (limit 20%)",193,193.074714406,0.0387121275484,1.5,2.037260004,35.8173336,0.3964358523,0.397875953754,0.363262163594,1.25,1.25055432373,0.0443458980044,1.5,1.35670352871,9.55309808621,,,,,,,,,,,,,,,,,,,,,,,,,"Visaton SC 5.9 8-ohm, article 8006; technical parameter table; accessed 2026-10-06","SOURCE_INCONSISTENT — The source gives Qes 1.5 together with Fs 193 Hz, Mms 1.5 g, Re 7 ohm and Bl 2.5 Tm, which differ by more than 20% in the Qes relation. Source Sd 26.5 cm2 also differs from library 24.9. No corrections selected; 2 x 3.5 inch oval dimensions are not a scalar nominal diameter. Source-only check: Qes computed 2.03726 vs source 1.5 (35.82%). Computed values are diagnostics, not corrections.",
4c6a07e540c99362f4c289e4,Visaton,W130X,4,,,,94.2,6.5,2,0.69,,,37,,40,5.1,4.27,0.41,0.71,0.448,,3,78,60,,,qts_inconsistent,"qts_inconsistent: stated=0.71, computed Qms*Qes/(Qms+Qes)=0.374081, difference=47.31% (limit 20%)",40,39.0913134355,2.27171641128,0.41,0.440194757615,7.36457502815,5.1,5.63158464426,10.4232283189,0.71,0.374081196581,47.3125075238,37,35.9455819555,2.84977849854,,5,,,,,3.8,0.77,,,,,,,,0.86,,,,5.8,,,,,"Visaton W 130 X 2 x 4-ohm, article 9059, single-coil set; technical parameter table; accessed 2026-10-06","WRONG_VARIANT — For nominal 4 ohm use one coil with the other open: Re 3.8, Le 0.77 and Qes 0.86. Imported Re 2 and Le 0.69 are parallel values, while Qes 0.41 is the series value. Source explicitly states linear excursion +/-5.8 mm at 10% THD; use that, not mechanical +/-11.5 mm. Original Cms 0.448 mm/N is retained but not separately published. Proposed values pass the independent numerical reproduction; official validation was not run.",
45a105a42e6c03ac5547e9b0,Visaton,W200S,4.0,8,,,214,7.7,3.4,1.5,,,28,,29,65,3.99,0.38,0.35,,,3.5,91,75,,,qes_inconsistent,"qes_inconsistent: stated=0.38 , computed=0.292572 , difference=23.01% (limit 20%)",29,30.048556184,3.61571097947,0.38,0.292572406748,23.0072613822,65,65,0,0.35,0.346956521739,0.869565217391,28,24.3895849131,12.8943395962,,,,,,,,,,,,,,,,,,,,,,,,,"Visaton W 200 S 4-ohm, article 9029; technical parameter table; accessed 2026-10-06","SOURCE_INCONSISTENT — Published Qes 0.38 conflicts with Fs 29 Hz, Mms 28 g, Re 3.4 ohm and Bl 7.7 Tm. Current sensitivity is 88 dB, not imported 91 dB, but no cells are changed while the source T/S set is inconsistent. Source-only check: Qes computed 0.292572 vs source 0.38 (23.01%). Computed values are diagnostics, not corrections.",
6d6a06b8349e9d2dc7abb0cd,Visaton,W250S,4.0,10,,,346,8.9,3.6,0.9,,,32,,33,135,2.01,0.43,0.35,0.795,,5,93,100,,,qes_inconsistent,"qes_inconsistent: stated=0.43 , computed=0.301555 , difference=29.87% (limit 20%)",33,31.5545199985,4.38024242886,0.43,0.301554819641,29.8709721765,135,134.82490493,0.129700052207,0.35,0.354221311475,1.20608899297,32,24.5774928695,23.1953347829,,,,,,,,,,,,,,,,,,,,,,,,,"Visaton W 250 S 4-ohm, article 9034; technical parameter table; accessed 2026-10-06","SOURCE_INCONSISTENT — Published Qes 0.43 conflicts with Fs 33 Hz, Mms 32 g, Re 3.6 ohm and Bl 8.9 Tm. Current sensitivity is 90 dB versus imported 93 dB. Original Cms is not separately published here. Do not change Qes to its calculated value. Source-only check: Qes computed 0.301555 vs source 0.43 (29.87%). Computed values are diagnostics, not corrections.",
b1fd3605befaa415a5410ad2,Visaton,W250S,8.0,10,,,346,9.2,6.6,1.5,,,38,,31,121,1.88,0.39,0.32,0.713,,5,90,100,,,qes_inconsistent,"qes_inconsistent: stated=0.39 , computed=0.577156 , difference=47.99% (limit 20%)",31,30.5762040801,1.36708361271,0.39,0.577156298751,47.9887945515,121,120.918436748,0.0674076461898,0.32,0.322995594714,0.936123348018,38,30.5774928695,19.5329135014,,,,,,,,,,,,,,,,,,,,,,,,,"Visaton W 250 S 8-ohm, article 9035; technical parameter table; accessed 2026-10-06","SOURCE_INCONSISTENT — Published Qes 0.39 conflicts with Fs 31 Hz, Mms 38 g, Re 6.6 ohm and Bl 9.2 Tm. The original source set is not repaired by substituting calculated Qes or parameters from the 4-ohm version. Original Cms is not independently published on this page. Source-only check: Qes computed 0.577156 vs source 0.39 (47.99%). Computed values are diagnostics, not corrections.",
2a088f44b8e56afb36cd7bba,Visaton,WS17E,8.0,6.5,,,143,3.9,5.8,0.9,,,16,,45,22,2.2,1.28,0.81,0.759,,3.5,88,60,,,qes_inconsistent,"qes_inconsistent: stated=1.28 , computed=1.72509 , difference=34.77% (limit 20%)",45,45.6708665987,1.49081466382,1.28,1.72508756363,34.7724659084,22,21.9869327115,0.0593967660786,0.81,0.809195402299,0.0993330495246,16,14.0278473318,12.3259541761,,,,,,,,,,,,,,,,,,,,,,,,,"Visaton WS 17 E 8-ohm, article 1055; technical parameter table; accessed 2026-10-06","SOURCE_INCONSISTENT — The current table confirms the principal imported values but Qes 1.28 conflicts with Fs 45 Hz, Mms 16 g, Re 5.8 ohm and Bl 3.9 Tm. Original Cms 0.759 mm/N is not independently stated on this page. No calculated replacement is supplied. Source-only check: Qes computed 1.72509 vs source 1.28 (34.77%). Computed values are diagnostics, not corrections.",
b1a65b78dac3073affd82e7d,Wavecor,SW215WA01,4,9,,,206,8.45,3.3,1.2,,,53,,33,26.05149886,11,0.51,0.49,0.54,,10,,400,,,vas_inconsistent,"vas_inconsistent: stated=26.0515 L, computed=32.4623 L, difference=24.61% (limit 20%)",33,29.7498867573,9.84882800804,0.51,0.507890629004,0.413602156105,26.05149886,32.4622783293,24.6081022201,0.49,0.487402258905,0.530151243816,53,49.5901340526,6.43370933476,,8.5,,,,,,,,,,,,26,,,,0.43,1,,88.5,,,,"Wavecor SW215WA01/02, SW215WA01 4-ohm before-burn-in column; page updated 2025-03-12; technical parameter table; accessed 2026-10-06","WRONG_VARIANT — The row mixes before-burn-in Fs/Q values with after-burn-in Cms 0.54 mm/N. Use the before-burn-in set: Cms 0.43 and Vas 26 L; nominal size is 8.5 inches, not 9. Add Rms 1 Ns/m = 1 kg/s and sensitivity. Retain 400 W only as the explicitly published long-term rating, not 150 W continuous. Proposed values pass the independent numerical reproduction; official validation was not run.",
a41dda7db1f3bc71bcd964c8,Wavecor,WF168WA02,8,6.5,,,139,5.1,6.3,0.39,,,11.8,,47.5,24.63565654,7,0.46,0.43,0.9,,3,,60,,,qes_inconsistent,"qes_inconsistent: stated=0.46 , computed=0.853013 , difference=85.44% (limit 20%)",47.5,48.8380003078,2.8168427533,0.46,0.853013064108,85.4376226322,24.63565654,24.6333176077,0.00949409347424,0.43,0.43163538874,0.380322962778,11.8,9.91001361484,16.0168337726,,,,,,6.4,,,,,,,49,24.6,7.1,0.56,0.52,,,,89,,,,"Wavecor WF168WA01/02, WF168WA02 8-ohm column; page updated 2024-03-26; technical parameter table; accessed 2026-10-06","WRONG_VARIANT — The row combines 8-ohm Re/Le with 4-ohm WF168WA01 Fs 47.5, Bl 5.1 and Qms/Qes/Qts 7/0.46/0.43. Use WF168WA02 values 49 Hz, 6.4 Tm and 7.1/0.56/0.52, plus directly stated Vas 24.6 L. Original Xmax 3 mm is not separately stated; coil and gap lengths are not used to back-calculate it. Proposed values pass the independent numerical reproduction; official validation was not run.",
