row_id,manufacturer,model,Z_ohm,source_type,source_document,source_url,accessed,evidence
546ef3cb08a01609542afaa0,Celestion,AN2075,8,manufacturer_web_table,Celestion AN2075 8-ohm technical data; technical parameter table; accessed 2026-10-06,https://celestion.com/product/an2075/,2026-10-06,driver-research/batch-01
5c1e89bba75d7b505a091193,Celestion,AN3510,8,manufacturer_web_table,Celestion AN3510 8-ohm technical data; technical parameter table; accessed 2026-10-06,https://celestion.com/product/an3510/,2026-10-06,driver-research/batch-01
5167dfd22e1b13367164ee54,Celestion,FTX0820,8,manufacturer_web_table,Celestion FTX0820 8-ohm LF section; technical parameter table; accessed 2026-10-06,https://celestion.com/product/ftx0820/,2026-10-06,driver-research/batch-01
01b616b4e3b34a7fac2c7406,Celestion,Truvox 0615,8,manufacturer_web_table,Celestion Truvox 0615 8-ohm technical data; technical parameter table; accessed 2026-10-06,https://celestion.com/product/truvox-0615/,2026-10-06,driver-research/batch-01
e191e41eb80236bdf3e3601c,Celestion,Truvox 0820,8,manufacturer_web_table,Celestion Truvox 0820 8-ohm technical data; technical parameter table; accessed 2026-10-06,https://celestion.com/product/truvox-0820/,2026-10-06,driver-research/batch-01
b6301beeaf436c606b04883c,Dayton Audio,CE45N-4,4,manufacturer_datasheet,"Dayton Audio CE45N-4 specification sheet; page 1, technical parameters; accessed 2026-10-06",https://www.daytonaudio.com/images/resources/285-161--dayton-audio-ce45n-4-specification-sheet.pdf,2026-10-06,driver-research/batch-01
b0f6460539d7849e10f14831,Dayton Audio,CE53N,4.0,manufacturer_datasheet,"Dayton Audio CE53N-4 specification sheet and linked product table; page 1, technical parameters; accessed 2026-10-06",https://www.daytonaudio.com/images/resources/285-171--dayton-audio-ce53n-4-spec-sheet.pdf,2026-10-06,driver-research/batch-01
797457ad582a0e8f9e591337,Dayton Audio,CE54N-4,4,manufacturer_datasheet,"Dayton Audio CE54N-4 specification sheet; page 1, technical parameters; accessed 2026-10-06",https://www.daytonaudio.com/images/resources/285-167--dayton-audio-ce54n-4-specification-sheet.pdf,2026-10-06,driver-research/batch-01
b680d2c7dc4dd5567c664d49,Dayton Audio,HARB252-8,8,manufacturer_web_table,Dayton Audio HARB252-8 product specifications; technical parameter table; accessed 2026-10-06,https://www.daytonaudio.com/product/1282/harb252-8-1-x-5-dual-motor-high-aspect-ratio-bmt-8-ohms,2026-10-06,driver-research/batch-01
52c8ea1492aded7133b51249,Dayton Audio,ND140,4.0,manufacturer_datasheet,"Dayton Audio ND140-4 specification sheet and linked product table; page 1, technical parameters; accessed 2026-10-06",https://www.daytonaudio.com/images/resources/290-216-dayton-audio-nd140-4-specifications.pdf,2026-10-06,driver-research/batch-01
030ce09bca8cd45b2f24acc7,Dayton Audio,ND64,4.0,manufacturer_datasheet,"Dayton Audio ND64-4 specification sheet; page 1, technical parameters; accessed 2026-10-06",https://www.daytonaudio.com/images/resources/295-520--dayton-audio-nd64-4-aluminum-magnesium-cone-full-range-driver-specifications.pdf,2026-10-06,driver-research/batch-01
cd3c653468385e3fb63097ae,Dayton Audio,RS125P,4.0,manufacturer_web_table,Dayton Audio RS125P-4 product specifications; technical parameter table; accessed 2026-10-06,https://www.daytonaudio.com/product/1223/rs125p-4-5-reference-paper-woofer-4-ohm,2026-10-06,driver-research/batch-01
7d795afe2eca8b94687af26e,Faital Pro,15FH520,4.0,manufacturer_web_table,"FaitalPRO 15FH520 4-ohm, P/N 03804183; technical parameter table; accessed 2026-10-06",https://faitalpro.com/en/products/LF_Loudspeakers/product_details/index.php?id=151060152,2026-10-06,driver-research/batch-01
004ffa7f2d15a55801487cac,Faital Pro,15HP1030,4.0,manufacturer_web_table,"FaitalPRO 15HP1030 4-ohm, P/N 03804184; technical parameter table; accessed 2026-10-06",https://faitalpro.com/en/products/LF_Loudspeakers/product_details/index.php?id=201060136,2026-10-06,driver-research/batch-01
f329bccdc6fb7577670aa5f7,Faital Pro,6PR130,8.0,manufacturer_web_table,"FaitalPRO 6PR130 8-ohm, P/N 01604435; technical parameter table; accessed 2026-10-06",https://faitalpro.com/en/products/LF_Loudspeakers/product_details/index.php?id=101020155,2026-10-06,driver-research/batch-01
d34ff52b6998769813c3716d,SB Acoustics,MW19PNW,4.0,manufacturer_web_table,SB Acoustics SATORI MW19PNW-4 technical data; technical parameter table; accessed 2026-10-06,https://sbacoustics.com/product/7%C2%BDin-satori-mw19pnw-4/,2026-10-06,driver-research/batch-01
92d81725f92f2a38ba1a1293,SB Acoustics,SB13PFCR25,8.0,manufacturer_web_table,SB Acoustics SB13PFCR25-8 technical data; technical parameter table; accessed 2026-10-06,https://sbacoustics.com/product/5-sb13pfcr25-8-paper/,2026-10-06,driver-research/batch-01
a2b39fdc495a3884bca1c2cd,SB Acoustics,SB15BAC30-8-COAX,8,manufacturer_web_table,SB Acoustics SB15BAC30-8-COAX LF table; technical parameter table; accessed 2026-10-06,https://sbacoustics.com/product/sb15bac30-8-coax/,2026-10-06,driver-research/batch-01
c55238d0d0d1e95f7867e953,SEAS,FU10RB,8,not_found,SEAS FU10RB H1600-08 technical-source search; exact-model source search; accessed 2026-10-06,,2026-10-06,driver-research/batch-01
68053abe97120273040feeaa,STX,CS.18.140.4.FG,4,manufacturer_web_table,STX CS.18.140.4.FG product technical data; Parameters/Parametry and Dimensions/Wymiary; accessed 2026-10-06,https://stx.pl/cs-18-140-4-fg.html,2026-10-06,driver-research/stx-import
e4b1991b1aaf3df7b785ed86,STX,D.12.800.8.TI,8,manufacturer_web_table,STX D.12.800.8.TI product technical data; Parameters/Parametry and Dimensions/Wymiary; accessed 2026-10-06,https://stx.pl/en/d-12-800-8-ti.html,2026-10-06,driver-research/stx-import
0b329700d5a28bc05dba7333,STX,D.14.1000.8.TI,8,manufacturer_web_table,STX D.14.1000.8.TI product technical data; Parameters/Parametry and Dimensions/Wymiary; accessed 2026-10-06,https://stx.pl/en/d-14-1000-8-ti.html,2026-10-06,driver-research/stx-import
3d3f3140d62e6b26f7b3336e,STX,D.9.500.8.TI,8,manufacturer_web_table,STX D.9.500.8.TI product technical data; Parameters/Parametry and Dimensions/Wymiary; accessed 2026-10-06,https://stx.pl/en/d-9-500-8-ti.html,2026-10-06,driver-research/stx-import
c7b3be2ea454f31c606aca4c,STX,F.18.140.4.MCX,4,manufacturer_web_table,STX F.18.140.4.MCX product technical data; Parameters/Parametry and Dimensions/Wymiary; accessed 2026-10-06,https://stx.pl/f-18-140-4-mcx.html,2026-10-06,driver-research/stx-import
4902d2d4cdce4778c845a021,STX,F.18.140.4.WMCX,4,manufacturer_web_table,STX F.18.140.4.WMCX product technical data; Parameters/Parametry and Dimensions/Wymiary; accessed 2026-10-06,https://stx.pl/f-18-140-4-wmcx.html,2026-10-06,driver-research/stx-import
6dba1b4cae93e61ab2d6814e,STX,F.18.140.8.MCX,8,manufacturer_web_table,STX F.18.140.8.MCX product technical data; Parameters/Parametry and Dimensions/Wymiary; accessed 2026-10-06,https://stx.pl/en/f-18-140-8-mcx.html,2026-10-06,driver-research/stx-import
369ddf94bc09ff4956605386,STX,F.18.140.8.WMCX,8,manufacturer_web_table,STX F.18.140.8.WMCX product technical data; Parameters/Parametry and Dimensions/Wymiary; accessed 2026-10-06,https://stx.pl/en/f-18-140-8-wmcx.html,2026-10-06,driver-research/stx-import
0ccc6a32e0ca81610f3a3c85,STX,F.30.300.8.MC,8,manufacturer_web_table,STX F.30.300.8.MC product technical data; Parameters/Parametry and Dimensions/Wymiary; accessed 2026-10-06,https://stx.pl/en/f-30-300-8-mc.html,2026-10-06,driver-research/stx-import
06dc335a817feb4cbfee548e,STX,M.11.100.8.MC,8,manufacturer_web_table,STX M.11.100.8.MC product technical data; Parameters/Parametry and Dimensions/Wymiary; accessed 2026-10-06,https://stx.pl/en/m-11-100-8-mc.html,2026-10-06,driver-research/stx-import
62f6ff3961f2a6576308d70d,STX,M.12.140.8.MC,8,manufacturer_web_table,STX M.12.140.8.MC product technical data; Parameters/Parametry and Dimensions/Wymiary; accessed 2026-10-06,https://stx.pl/en/m-12-140-8-mc.html,2026-10-06,driver-research/stx-import
6e071e42d5010a8693139ddb,STX,M.12.140.8.WMC,8,manufacturer_web_table,STX M.12.140.8.WMC product technical data; Parameters/Parametry and Dimensions/Wymiary; accessed 2026-10-06,https://stx.pl/en/m-12-140-8-wmc.html,2026-10-06,driver-research/stx-import
b61aaa94a858adeb5dbacab7,STX,M.15.150.8.MCX,8,manufacturer_web_table,STX M.15.150.8.MCX product technical data; Parameters/Parametry and Dimensions/Wymiary; accessed 2026-10-06,https://stx.pl/en/m-15-150-8-mcx.html,2026-10-06,driver-research/stx-import
a8b7e3afec338b2773da4c3d,STX,M.15.250.8.FCX,8,manufacturer_web_table,STX M.15.250.8.FCX product technical data; Parameters/Parametry and Dimensions/Wymiary; accessed 2026-10-06,https://stx.pl/en/m-15-250-8-fcx.html,2026-10-06,driver-research/stx-import
3a941cb3ff2160e345f67d2b,STX,M.16.120.8.MC,8,manufacturer_web_table,STX M.16.120.8.MC product technical data; Parameters/Parametry and Dimensions/Wymiary; accessed 2026-10-06,https://stx.pl/en/m-16-120-8-mc.html,2026-10-06,driver-research/stx-import
082561dc4c5f04b71b9e4b40,STX,M.18.140.8.MC,8,manufacturer_web_table,STX M.18.140.8.MC product technical data; Parameters/Parametry and Dimensions/Wymiary; accessed 2026-10-06,https://stx.pl/en/m-18-140-8-mc.html,2026-10-06,driver-research/stx-import
6588f56d5aa569030d505bc4,STX,M.18.140.8.WMC,8,manufacturer_web_table,STX M.18.140.8.WMC product technical data; Parameters/Parametry and Dimensions/Wymiary; accessed 2026-10-06,https://stx.pl/en/m-18-140-8-wmc.html,2026-10-06,driver-research/stx-import
ecbb0645d993b461c58dd6ee,STX,M.18.200.8.MCX,8,manufacturer_web_table,STX M.18.200.8.MCX product technical data; Parameters/Parametry and Dimensions/Wymiary; accessed 2026-10-06,https://stx.pl/en/m-18-200-8-mcx.html,2026-10-06,driver-research/stx-import
ad39f2efda9e2a79aa0b8a23,STX,T.10.100.8.PC,8,manufacturer_web_table,STX T.10.100.8.PC product technical data; Parameters/Parametry and Dimensions/Wymiary; accessed 2026-10-06,https://stx.pl/en/t-10-100-8-pc.html,2026-10-06,driver-research/stx-import
4ff417524fc30ed6a36c18b7,STX,T.10.150.4.MS,4,manufacturer_web_table,STX T.10.150.4.MS product technical data; Parameters/Parametry and Dimensions/Wymiary; accessed 2026-10-06,https://stx.pl/en/t-10-150-4-ms.html,2026-10-06,driver-research/stx-import
2ccd81aa521d7c66159d28c5,STX,T.10.150.8.MS,8,manufacturer_web_table,STX T.10.150.8.MS product technical data; Parameters/Parametry and Dimensions/Wymiary; accessed 2026-10-06,https://stx.pl/en/t-10-150-8-ms.html,2026-10-06,driver-research/stx-import
f58bc72d296a890f4326c84e,STX,T.10.150.8.MSX,8,manufacturer_web_table,STX T.10.150.8.MSX product technical data; Parameters/Parametry and Dimensions/Wymiary; accessed 2026-10-06,https://stx.pl/en/t-10-150-8-msx.html,2026-10-06,driver-research/stx-import
aeee987c8c747ff524f5b5f6,STX,T.10.200.8.ALX,8,manufacturer_web_table,STX T.10.200.8.ALX product technical data; Parameters/Parametry and Dimensions/Wymiary; accessed 2026-10-06,https://stx.pl/en/t-10-200-8-alx.html,2026-10-06,driver-research/stx-import
91b7654f7f86270a2a84919c,STX,T.10.200.8.MSX,8,manufacturer_web_table,STX T.10.200.8.MSX product technical data; Parameters/Parametry and Dimensions/Wymiary; accessed 2026-10-06,https://stx.pl/en/t-10-200-8-msx.html,2026-10-06,driver-research/stx-import
a0d6d2a9a74e3221d20e3ded,STX,T.10.200.8.PC,8,manufacturer_web_table,STX T.10.200.8.PC product technical data; Parameters/Parametry and Dimensions/Wymiary; accessed 2026-10-06,https://stx.pl/en/t-10-200-8-pc.html,2026-10-06,driver-research/stx-import
403ef4686f0606f23a561e60,STX,T.10.200.8.PCX,8,manufacturer_web_table,STX T.10.200.8.PCX product technical data; Parameters/Parametry and Dimensions/Wymiary; accessed 2026-10-06,https://stx.pl/en/t-10-200-8-pcx.html,2026-10-06,driver-research/stx-import
b58455d30b53916c360a4203,STX,T.10.250.8.PC,8,manufacturer_web_table,STX T.10.250.8.PC product technical data; Parameters/Parametry and Dimensions/Wymiary; accessed 2026-10-06,https://stx.pl/t-10-250-8-pc.html,2026-10-06,driver-research/stx-import
60da2d78c1a66d4a248162e3,STX,T.10.250.8.PCX,8,manufacturer_web_table,STX T.10.250.8.PCX product technical data; Parameters/Parametry and Dimensions/Wymiary; accessed 2026-10-06,https://stx.pl/en/t-10-250-8-pcx.html,2026-10-06,driver-research/stx-import
dea410838d5c2fd345f4a99d,STX,T.10.800.8.AL,8,manufacturer_web_table,STX T.10.800.8.AL product technical data; Parameters/Parametry and Dimensions/Wymiary; accessed 2026-10-06,https://stx.pl/en/t-10-800-8-al.html,2026-10-06,driver-research/stx-import
46b9d7013c6a0850ea1fc8db,STX,T.18.250.8.PH,8,manufacturer_web_table,STX T.18.250.8.PH product technical data; Parameters/Parametry and Dimensions/Wymiary; accessed 2026-10-06,https://stx.pl/en/t-18-250-8-ph.html,2026-10-06,driver-research/stx-import
46801ef325b4806195edc661,STX,T.9.100.4.MS,4,manufacturer_web_table,STX T.9.100.4.MS product technical data; Parameters/Parametry and Dimensions/Wymiary; accessed 2026-10-06,https://stx.pl/en/t-9-100-4-ms.html,2026-10-06,driver-research/stx-import
4258c4931841eb9f23ff535b,STX,T.9.100.8.MS,8,manufacturer_web_table,STX T.9.100.8.MS product technical data; Parameters/Parametry and Dimensions/Wymiary; accessed 2026-10-06,https://stx.pl/en/t-9-100-8-ms.html,2026-10-06,driver-research/stx-import
e098298c7b81d78a85b22582,STX,T.9.200.8.PC,8,manufacturer_web_table,STX T.9.200.8.PC product technical data; Parameters/Parametry and Dimensions/Wymiary; accessed 2026-10-06,https://stx.pl/en/t-9-200-8-pc.html,2026-10-06,driver-research/stx-import
f59540426ad04ef566a9b279,STX,T.9.250.8.PH,8,manufacturer_web_table,STX T.9.250.8.PH product technical data; Parameters/Parametry and Dimensions/Wymiary; accessed 2026-10-06,https://stx.pl/en/t-9-250-8-ph.html,2026-10-06,driver-research/stx-import
80cafadfceb7a895f2171279,STX,W.11.100.8.MC,8,manufacturer_web_table,STX W.11.100.8.MC product technical data; Parameters/Parametry and Dimensions/Wymiary; accessed 2026-10-06,https://stx.pl/en/w-11-100-8-mc.html,2026-10-06,driver-research/stx-import
bf187ab39bbec30dc0fb9b80,STX,W.12.100.8.MC,8,manufacturer_web_table,STX W.12.100.8.MC product technical data; Parameters/Parametry and Dimensions/Wymiary; accessed 2026-10-06,https://stx.pl/en/w-12-100-8-mc.html,2026-10-06,driver-research/stx-import
524f25a856c93a987f60aa5a,STX,W.12.100.8.WMC,8,manufacturer_web_table,STX W.12.100.8.WMC product technical data; Parameters/Parametry and Dimensions/Wymiary; accessed 2026-10-06,https://stx.pl/en/w-12-100-8-wmc.html,2026-10-06,driver-research/stx-import
93c9d479fd31d1fca384a87e,STX,W.15.140.8.MCX,8,manufacturer_web_table,STX W.15.140.8.MCX product technical data; Parameters/Parametry and Dimensions/Wymiary; accessed 2026-10-06,https://stx.pl/en/w-15-140-8-mcx.html,2026-10-06,driver-research/stx-import
8c7fa230fad87deb55bc5091,STX,W.15.160.16.FCX,16,manufacturer_web_table,STX W.15.160.16.FCX product technical data; Parameters/Parametry and Dimensions/Wymiary; accessed 2026-10-06,https://stx.pl/en/w-15-160-16-fcx.html,2026-10-06,driver-research/stx-import
b32f48625b402c364b5b9ee7,STX,W.15.160.8.FCX,8,manufacturer_web_table,STX W.15.160.8.FCX product technical data; Parameters/Parametry and Dimensions/Wymiary; accessed 2026-10-06,https://stx.pl/en/w-15-160-8-fcx.html,2026-10-06,driver-research/stx-import
05a6ec7fe7bd27e5db075d72,STX,W.16.50.4.MC,4,manufacturer_web_table,STX W.16.50.4.MC product technical data; Parameters/Parametry and Dimensions/Wymiary; accessed 2026-10-06,https://stx.pl/en/w-16-50-4-mc.html,2026-10-06,driver-research/stx-import
3d9a958ef95e811d0159ba8d,STX,W.16.50.8.MC,8,manufacturer_web_table,STX W.16.50.8.MC product technical data; Parameters/Parametry and Dimensions/Wymiary; accessed 2026-10-06,https://stx.pl/en/w-16-50-8-mc.html,2026-10-06,driver-research/stx-import
f9916ac1574445c02f72cb40,STX,W.18.140.4.MCX,4,manufacturer_web_table,STX W.18.140.4.MCX product technical data; Parameters/Parametry and Dimensions/Wymiary; accessed 2026-10-06,https://stx.pl/en/w-18-140-4-mcx.html,2026-10-06,driver-research/stx-import
fb0815946630b47025db3296,STX,W.18.140.4.WMCX,4,manufacturer_web_table,STX W.18.140.4.WMCX product technical data; Parameters/Parametry and Dimensions/Wymiary; accessed 2026-10-06,https://stx.pl/en/w-18-140-4-wmcx.html,2026-10-06,driver-research/stx-import
39913ca3af716267c299f8e9,STX,W.18.140.8.MCX,8,manufacturer_web_table,STX W.18.140.8.MCX product technical data; Parameters/Parametry and Dimensions/Wymiary; accessed 2026-10-06,https://stx.pl/en/w-18-140-8-mcx-2193.html,2026-10-06,driver-research/stx-import
a24a66d5ead0e8cf01224519,STX,W.18.140.8.WMCX,8,manufacturer_web_table,STX W.18.140.8.WMCX product technical data; Parameters/Parametry and Dimensions/Wymiary; accessed 2026-10-06,https://stx.pl/en/w-18-140-8-wmcx.html,2026-10-06,driver-research/stx-import
593a11862cfde285fb073d8f,STX,W.18.180.16.FCX_v2,16,manufacturer_web_table,STX W.18.180.16.FCX_v2 product technical data; Parameters/Parametry and Dimensions/Wymiary; accessed 2026-10-06,https://stx.pl/en/w-18-180-16-fcx-v2.html,2026-10-06,driver-research/stx-import
c95dea955b84bd6aad1d0a04,STX,W.18.180.8.FCX_v2,8,manufacturer_web_table,STX W.18.180.8.FCX_v2 product technical data; Parameters/Parametry and Dimensions/Wymiary; accessed 2026-10-06,https://stx.pl/en/w-18-180-8-fcx-v2.html,2026-10-06,driver-research/stx-import
71fafb82802694b903168da7,STX,W.18.200.8.FGX_v3,8,manufacturer_web_table,STX W.18.200.8.FGX_v3 product technical data; Parameters/Parametry and Dimensions/Wymiary; accessed 2026-10-06,https://stx.pl/en/w-18-200-8-fgx.html,2026-10-06,driver-research/stx-import
cdd36fdba9f812749cea40a9,STX,W.18.200.8.MCX_v2,8,manufacturer_web_table,STX W.18.200.8.MCX_v2 product technical data; Parameters/Parametry and Dimensions/Wymiary; accessed 2026-10-06,https://stx.pl/en/w-18-200-8-mcx-v2.html,2026-10-06,driver-research/stx-import
bbbda0c43918c02653556656,STX,W.18.220.8.MCX,8,manufacturer_web_table,STX W.18.220.8.MCX product technical data; Parameters/Parametry and Dimensions/Wymiary; accessed 2026-10-06,https://stx.pl/en/w-18-220-8-mcx.html,2026-10-06,driver-research/stx-import
90b918d0479077b24655cf7f,STX,W.20.140.8.MC,8,manufacturer_web_table,STX W.20.140.8.MC product technical data; Parameters/Parametry and Dimensions/Wymiary; accessed 2026-10-06,https://stx.pl/en/w-20-140-8-mc.html,2026-10-06,driver-research/stx-import
5e7410b327a083b73dadb30d,STX,W.20.300.2x2.MC,4,manufacturer_web_table,STX W.20.300.2x2.MC product technical data; Parameters/Parametry and Dimensions/Wymiary; accessed 2026-10-06,https://stx.pl/en/w-20-300-2x2-mc.html,2026-10-06,driver-research/stx-import
e7451e7e8227eb3457caedb9,STX,W.20.300.2x4.MC,8,manufacturer_web_table,STX W.20.300.2x4.MC product technical data; Parameters/Parametry and Dimensions/Wymiary; accessed 2026-10-06,https://stx.pl/en/w-20-300-2x4-mc.html,2026-10-06,driver-research/stx-import
ad6d7d226cd245b2124873ec,STX,W.20.80.4.MC,4,manufacturer_web_table,STX W.20.80.4.MC product technical data; Parameters/Parametry and Dimensions/Wymiary; accessed 2026-10-06,https://stx.pl/en/w-20-80-4-mc.html,2026-10-06,driver-research/stx-import
7b4308ee8e2824217157e9ef,STX,W.20.80.8.MC,8,manufacturer_web_table,STX W.20.80.8.MC product technical data; Parameters/Parametry and Dimensions/Wymiary; accessed 2026-10-06,https://stx.pl/en/w-20-80-8-mc.html,2026-10-06,driver-research/stx-import
a7a16b765912d233679b3270,STX,W.22.200.8.MCX_v3,8,manufacturer_web_table,STX W.22.200.8.MCX_v3 product technical data; Parameters/Parametry and Dimensions/Wymiary; accessed 2026-10-06,https://stx.pl/en/w-22-200-8-mcx-v2.html,2026-10-06,driver-research/stx-import
cb9300d7fadcf239a685ca91,STX,W.22.250.8.FCX,8,manufacturer_web_table,STX W.22.250.8.FCX product technical data; Parameters/Parametry and Dimensions/Wymiary; accessed 2026-10-06,https://stx.pl/en/w-22-250-8-fcx.html,2026-10-06,driver-research/stx-import
67f1d37577b64b09562568da,STX,W.25.200.8.MC,8,manufacturer_web_table,STX W.25.200.8.MC product technical data; Parameters/Parametry and Dimensions/Wymiary; accessed 2026-10-06,https://stx.pl/en/w-25-200-8-mc.html,2026-10-06,driver-research/stx-import
f1ecf4e3a66f7bbbf055e1ed,STX,W.25.300.8.MC_v2,8,manufacturer_web_table,STX W.25.300.8.MC_v2 product technical data; Parameters/Parametry and Dimensions/Wymiary; accessed 2026-10-06,https://stx.pl/en/w-25-300-8-mc-v2.html,2026-10-06,driver-research/stx-import
64a0196598541f55431f952f,STX,W.25.400.2x2.MC,4,manufacturer_web_table,STX W.25.400.2x2.MC product technical data; Parameters/Parametry and Dimensions/Wymiary; accessed 2026-10-06,https://stx.pl/en/w-25-400-2x2-mc.html,2026-10-06,driver-research/stx-import
7459deb599ff899c551f8fcb,STX,W.25.400.2x4.MC,,manufacturer_web_table,STX W.25.400.2x4.MC product technical data; Parameters/Parametry and Dimensions/Wymiary; accessed 2026-10-06,https://stx.pl/en/w-25-400-2x4-mc.html,2026-10-06,driver-research/stx-import
b705988ee1ea56a236f894f5,STX,W.25.400.8.MCX,8,manufacturer_web_table,STX W.25.400.8.MCX product technical data; Parameters/Parametry and Dimensions/Wymiary; accessed 2026-10-06,https://stx.pl/en/w-25-400-8-mcx.html,2026-10-06,driver-research/stx-import
366b9b53d57292539bf69193,STX,W.27.400.8.MC,8,manufacturer_web_table,STX W.27.400.8.MC product technical data; Parameters/Parametry and Dimensions/Wymiary; accessed 2026-10-06,https://stx.pl/en/w-27-400-8-mc.html,2026-10-06,driver-research/stx-import
ac73bc2b7509913727d6ff01,STX,W.27.500.8.FCX,8,manufacturer_web_table,STX W.27.500.8.FCX product technical data; Parameters/Parametry and Dimensions/Wymiary; accessed 2026-10-06,https://stx.pl/en/w-27-500-8-fcx.html,2026-10-06,driver-research/stx-import
f1c86c935d7049754a6800db,STX,W.30.200.8.MC,8,manufacturer_web_table,STX W.30.200.8.MC product technical data; Parameters/Parametry and Dimensions/Wymiary; accessed 2026-10-06,https://stx.pl/en/w-30-200-8-mc.html,2026-10-06,driver-research/stx-import
38fd628ceffd07f7712bdbb1,STX,W.30.300.4.MC,4,manufacturer_web_table,STX W.30.300.4.MC product technical data; Parameters/Parametry and Dimensions/Wymiary; accessed 2026-10-06,https://stx.pl/en/w-30-300-4-mc.html,2026-10-06,driver-research/stx-import
031b18b9a1df21745371c864,STX,W.30.300.8.MC,8,manufacturer_web_table,STX W.30.300.8.MC product technical data; Parameters/Parametry and Dimensions/Wymiary; accessed 2026-10-06,https://stx.pl/en/w-30-300-8-mc.html,2026-10-06,driver-research/stx-import
451aa2aa7e8332a33393defe,STX,W.30.500.2x2.MC,4,manufacturer_web_table,STX W.30.500.2x2.MC product technical data; Parameters/Parametry and Dimensions/Wymiary; accessed 2026-10-06,https://stx.pl/en/w-30-500-2x2-mc.html,2026-10-06,driver-research/stx-import
744eff7238b21f6f7240baa6,STX,W.30.500.2x4.MC,8,manufacturer_web_table,STX W.30.500.2x4.MC product technical data; Parameters/Parametry and Dimensions/Wymiary; accessed 2026-10-06,https://stx.pl/en/w-30-500-2x4-mc.html,2026-10-06,driver-research/stx-import
7d65f1718f2b79831cded081,STX,W.30.500.8.MC v2,8,manufacturer_web_table,STX W.30.500.8.MC v2 product technical data; Parameters/Parametry and Dimensions/Wymiary; accessed 2026-10-06,https://stx.pl/en/w-30-500-8-mc.html,2026-10-06,driver-research/stx-import
a69c8cd6f910bd5d7f31396e,STX,W.30.750.8.MCX,8,manufacturer_web_table,STX W.30.750.8.MCX product technical data; Parameters/Parametry and Dimensions/Wymiary; accessed 2026-10-06,https://stx.pl/en/1641.html,2026-10-06,driver-research/stx-import
440ae6a141e09e3fa55b876e,STX,W.32.500.8.MC_v2,8,manufacturer_web_table,STX W.32.500.8.MC_v2 product technical data; Parameters/Parametry and Dimensions/Wymiary; accessed 2026-10-06,https://stx.pl/en/w-32-500-8-mc.html,2026-10-06,driver-research/stx-import
6d15e3b0e163edaf46c0bf8a,STX,W.32.800.8.FCX,8,manufacturer_web_table,STX W.32.800.8.FCX product technical data; Parameters/Parametry and Dimensions/Wymiary; accessed 2026-10-06,https://stx.pl/manufacturer/stx/w-32-800-8-fcx.html,2026-10-06,driver-research/stx-import
58cd0a51e6d05a5d45a81529,STX,W.38.1200.8.MC,8,manufacturer_web_table,STX W.38.1200.8.MC product technical data; Parameters/Parametry and Dimensions/Wymiary; accessed 2026-10-06,https://stx.pl/uploads/images/W.38.1200.8.MC.parametry.jpg,2026-10-06,driver-research/stx-import
ff061ee1c5578bcdb8bfaff6,STX,W.38.500.4.MC,4,manufacturer_web_table,STX W.38.500.4.MC product technical data; Parameters/Parametry and Dimensions/Wymiary; accessed 2026-10-06,https://stx.pl/en/w-38-500-4-mc.html,2026-10-06,driver-research/stx-import
595170430517c50a216a12ce,STX,W.38.500.8.MC,8,manufacturer_web_table,STX W.38.500.8.MC product technical data; Parameters/Parametry and Dimensions/Wymiary; accessed 2026-10-06,https://stx.pl/en/w-38-500-8-mc.html,2026-10-06,driver-research/stx-import
a18ddc87a11d25a8b4c29822,STX,W.38.800.4.MC,4,manufacturer_web_table,STX W.38.800.4.MC product technical data; Parameters/Parametry and Dimensions/Wymiary; accessed 2026-10-06,https://stx.pl/en/w-38-800-4-mc.html,2026-10-06,driver-research/stx-import
83c1cc303349bd036955415e,STX,W.38.800.8.MC,8,manufacturer_web_table,STX W.38.800.8.MC product technical data; Parameters/Parametry and Dimensions/Wymiary; accessed 2026-10-06,https://stx.pl/en/w-38-800-8-mc.html,2026-10-06,driver-research/stx-import
31e7342831b105628e1b4abe,STX,W.46.1300.8.MC,8,manufacturer_web_table,STX W.46.1300.8.MC product technical data; Parameters/Parametry and Dimensions/Wymiary; accessed 2026-10-06,https://stx.pl/en/w-46-1300-8-mc.html,2026-10-06,driver-research/stx-import
7be34a12c25de06d926f5f76,Tang Band,W3-2141,8,manufacturer_web_table,Tang Band W3-2141 8-ohm technical data; technical parameter table; accessed 2026-10-06,https://www.tb-speaker.com/products/w3-2141,2026-10-06,driver-research/batch-01
5915086804184c8c10463c6e,Tang Band,W5-1611SAF,8,manufacturer_web_table,Tang Band W5-1611SAF 8-ohm technical data; technical parameter table; accessed 2026-10-06,https://www.tb-speaker.com/products/w5-1611saf,2026-10-06,driver-research/batch-01
3d2a1aa5adf9a0995a6d98f4,Tang Band,W6-1139SIF,4,manufacturer_web_table,Tang Band W6-1139SIF 4-ohm technical data; technical parameter table; accessed 2026-10-06,https://www.tb-speaker.com/products/w6-1139sif,2026-10-06,driver-research/batch-01
2e8791bdd614b15c809c86ef,Visaton,AL 170,8,manufacturer_web_table,"Visaton AL 170 8-ohm, article 1302; technical parameter table; accessed 2026-10-06",https://www.visaton.de/en/products/drivers/woofers/al-170-8-ohm,2026-10-06,driver-research/batch-01
bc49e4099d958f6f15a47cd1,Visaton,BG20,8,manufacturer_web_table,"Visaton BG 20 8-ohm, article 3020; technical parameter table; accessed 2026-10-06",https://www.visaton.de/en/products/drivers/fullrange-systems/bg-20-8-ohm,2026-10-06,driver-research/batch-01
18e006e9c36e19a01cd25c3e,Visaton,FR 8 WP,8,manufacturer_datasheet,"Visaton FR 8 WP 4-/8-ohm combined technical sheet; 2023; page 1, technical parameters; accessed 2026-10-06",https://www.visaton.de/sites/default/files/dd_product/FR%208%20WP_2128_2129.pdf,2026-10-06,driver-research/batch-01
933bec2df7058cdb86ae4f33,Visaton,FR 8 WP-4,4,manufacturer_web_table,"Visaton FR 8 WP 4-ohm white, article 2128; technical parameter table; accessed 2026-10-06",https://www.visaton.de/en/products/drivers/fullrange-systems/fr-8-wp-4-ohm-white,2026-10-06,driver-research/batch-01
7052ff485fd91b66cb40e364,Visaton,FRS 10 WP,4,manufacturer_web_table,"Visaton FRS 10 WP 4-ohm black, article 2100; technical parameter table; accessed 2026-10-06",https://www.visaton.de/en/products/drivers/fullrange-systems/frs-10-wp-4-ohm-black,2026-10-06,driver-research/batch-01
ceff63a51b1115eca24333cb,Visaton,FRS8,4.0,manufacturer_web_table,"Visaton FRS 8 4-ohm, article 2003; technical parameter table; accessed 2026-10-06",https://www.visaton.de/en/products/drivers/fullrange-systems/frs-8-4-ohm,2026-10-06,driver-research/batch-01
655fd6941aa73dea3e39aad4,Visaton,FRS8,8.0,manufacturer_web_table,"Visaton FRS 8 8-ohm, article 2004; technical parameter table; accessed 2026-10-06",https://www.visaton.de/en/products/drivers/fullrange-systems/frs-8-8-ohm,2026-10-06,driver-research/batch-01
9516052cc1b21e7ded2141d3,Visaton,GF 200,4,manufacturer_web_table,"Visaton GF 200 2 x 4-ohm, article 1330, connection 1; technical parameter table; accessed 2026-10-06",https://www.visaton.de/en/products/drivers/woofers/gf-200-2-x-4-ohm,2026-10-06,driver-research/batch-01
b5f74aaaf95f1ca2ebb9addc,Visaton,GF200,2,manufacturer_web_table,"Visaton GF 200 2 x 4-ohm, article 1330, connection 3; technical parameter table; accessed 2026-10-06",https://www.visaton.de/en/products/drivers/woofers/gf-200-2-x-4-ohm,2026-10-06,driver-research/batch-01
80d6cccdb1066514bb39e6ab,Visaton,MR 130,8,manufacturer_datasheet,"Visaton MR 130 8-ohm, article 9016, product sheet; 2021; page 1, technical parameters; accessed 2026-10-06",https://www.visaton.de/sites/default/files/dd_product/MR%20130.pdf,2026-10-06,driver-research/batch-01
d9e2b5a254e12bd65e895a19,Visaton,SC 5.9,8,manufacturer_web_table,"Visaton SC 5.9 8-ohm, article 8006; technical parameter table; accessed 2026-10-06",https://www.visaton.de/en/products/drivers/fullrange-systems/sc-59-8-ohm,2026-10-06,driver-research/batch-01
51d26efd084d74bcd3ad5457,Visaton,W130X,4,manufacturer_web_table,"Visaton W 130 X 2 x 4-ohm, article 9059, single-coil set; technical parameter table; accessed 2026-10-06",https://www.visaton.de/en/products/drivers/woofers/w-130-x-2-x-4-ohm,2026-10-06,driver-research/batch-01
45a105a42e6c03ac5547e9b0,Visaton,W200S,4.0,manufacturer_web_table,"Visaton W 200 S 4-ohm, article 9029; technical parameter table; accessed 2026-10-06",https://www.visaton.de/en/products/drivers/woofers/w-200-s-4-ohm,2026-10-06,driver-research/batch-01
6d6a06b8349e9d2dc7abb0cd,Visaton,W250S,4.0,manufacturer_web_table,"Visaton W 250 S 4-ohm, article 9034; technical parameter table; accessed 2026-10-06",https://www.visaton.de/en/products/drivers/woofers/w-250-s-4-ohm,2026-10-06,driver-research/batch-01
b1fd3605befaa415a5410ad2,Visaton,W250S,8.0,manufacturer_web_table,"Visaton W 250 S 8-ohm, article 9035; technical parameter table; accessed 2026-10-06",https://www.visaton.de/en/products/drivers/woofers/w-250-s-8-ohm,2026-10-06,driver-research/batch-01
2a088f44b8e56afb36cd7bba,Visaton,WS17E,8.0,manufacturer_web_table,"Visaton WS 17 E 8-ohm, article 1055; technical parameter table; accessed 2026-10-06",https://www.visaton.de/en/products/drivers/woofers/ws-17-e-8-ohm,2026-10-06,driver-research/batch-01
0683fbca0db7fb3f594cacd2,Wavecor,SW215WA01,4,manufacturer_web_table,"Wavecor SW215WA01/02, SW215WA01 4-ohm before-burn-in column; page updated 2025-03-12; technical parameter table; accessed 2026-10-06",https://www.wavecor.com/html/sw215wa01_02.html,2026-10-06,driver-research/batch-01
e83f418ad2af2d0786eee555,Wavecor,WF168WA02,8,manufacturer_web_table,"Wavecor WF168WA01/02, WF168WA02 8-ohm column; page updated 2024-03-26; technical parameter table; accessed 2026-10-06",https://www.wavecor.com/html/wf168wa01_02.html,2026-10-06,driver-research/batch-01
